00.000,0.000
00.002,-0.035
00.004,-0.040
00.006,-0.040
00.008,-0.035
00.010,-0.025
00.012,-0.015
00.014,-0.010
00.016,-0.015
00.018,-0.020
00.020,-0.025
00.022,-0.030
00.024,-0.035
00.026,-0.035
00.028,-0.025
00.030,-0.020
00.032,-0.020
00.034,-0.020
00.036,-0.020
00.038,-0.030
00.040,-0.035
00.042,-0.035
00.044,-0.030
00.046,-0.020
00.048,-0.020
00.050,-0.020
00.052,-0.020
00.054,-0.030
00.056,-0.035
00.058,-0.035
00.060,-0.030
00.062,-0.025
00.064,-0.020
00.066,-0.020
00.068,-0.030
00.070,-0.035
00.072,-0.045
00.074,-0.050
00.076,-0.050
00.078,-0.045
00.080,-0.045
00.082,-0.045
00.084,-0.045
00.086,-0.050
00.088,-0.060
00.090,-0.065
00.092,-0.065
00.094,-0.060
00.096,-0.060
00.098,-0.055
00.100,-0.060
00.102,-0.065
00.104,-0.075
00.106,-0.085
00.108,-0.085
00.110,-0.080
00.112,-0.075
00.114,-0.070
00.116,-0.070
00.118,-0.080
00.120,-0.085
00.122,-0.090
00.124,-0.090
00.126,-0.085
00.128,-0.080
00.130,-0.070
00.132,-0.070
00.134,-0.070
00.136,-0.075
00.138,-0.080
00.140,-0.085
00.142,-0.085
00.144,-0.085
00.146,-0.080
00.148,-0.075
00.150,-0.075
00.152,-0.085
00.154,-0.090
00.156,-0.095
00.158,-0.095
00.160,-0.090
00.162,-0.085
00.164,-0.080
00.166,-0.085
00.168,-0.085
00.170,-0.095
00.172,-0.100
00.174,-0.105
00.176,-0.100
00.178,-0.090
00.180,-0.085
00.182,-0.085
00.184,-0.090
00.186,-0.095
00.188,-0.110
00.190,-0.110
00.192,-0.110
00.194,-0.110
00.196,-0.105
00.198,-0.100
00.200,-0.105
00.202,-0.110
00.204,-0.120
00.206,-0.125
00.208,-0.130
00.210,-0.125
00.212,-0.120
00.214,-0.115
00.216,-0.115
00.218,-0.120
00.220,-0.130
00.222,-0.135
00.224,-0.145
00.226,-0.140
00.228,-0.135
00.230,-0.130
00.232,-0.120
00.234,-0.120
00.236,-0.125
00.238,-0.130
00.240,-0.135
00.242,-0.135
00.244,-0.125
00.246,-0.120
00.248,-0.120
00.250,-0.120
00.252,-0.120
00.254,-0.125
00.256,-0.130
00.258,-0.125
00.260,-0.120
00.262,-0.110
00.264,-0.100
00.266,-0.100
00.268,-0.100
00.270,-0.105
00.272,-0.110
00.274,-0.115
00.276,-0.110
00.278,-0.110
00.280,-0.105
00.282,-0.105
00.284,-0.110
00.286,-0.110
00.288,-0.101
00.290,-0.086
00.292,-0.061
00.294,-0.036
00.296,-0.006
00.298,0.019
00.300,0.044
00.302,0.050
00.304,0.045
00.306,0.031
00.308,0.011
00.310,-0.009
00.312,-0.034
00.314,-0.049
00.316,-0.069
00.318,-0.094
00.320,-0.114
00.322,-0.134
00.324,-0.140
00.326,-0.145
00.328,-0.140
00.330,-0.135
00.332,-0.130
00.334,-0.130
00.336,-0.135
00.338,-0.135
00.340,-0.135
00.342,-0.126
00.344,-0.120
00.346,-0.111
00.348,-0.105
00.350,-0.100
00.352,-0.105
00.354,-0.110
00.356,-0.110
00.358,-0.105
00.360,-0.096
00.362,-0.086
00.364,-0.076
00.366,-0.070
00.368,-0.075
00.370,-0.080
00.372,-0.085
00.374,-0.085
00.376,-0.094
00.378,-0.127
00.380,-0.195
00.382,-0.306
00.384,-0.435
00.386,-0.542
00.388,-0.568
00.390,-0.441
00.392,-0.094
00.394,0.437
00.396,1.014
00.398,1.424
00.400,1.534
00.402,1.338
00.404,0.989
00.406,0.633
00.408,0.385
00.410,0.227
00.412,0.141
00.414,0.085
00.416,0.047
00.418,0.022
00.420,0.001
00.422,-0.005
00.424,0.000
00.426,0.005
00.428,0.019
00.430,0.025
00.432,0.030
00.434,0.030
00.436,0.025
00.438,0.020
00.440,0.025
00.442,0.030
00.444,0.035
00.446,0.044
00.448,0.045
00.450,0.045
00.452,0.045
00.454,0.040
00.456,0.035
00.458,0.044
00.460,0.050
00.462,0.064
00.464,0.070
00.466,0.075
00.468,0.075
00.470,0.075
00.472,0.075
00.474,0.080
00.476,0.085
00.478,0.094
00.480,0.100
00.482,0.100
00.484,0.095
00.486,0.081
00.488,0.075
00.490,0.070
00.492,0.070
00.494,0.070
00.496,0.070
00.498,0.065
00.500,0.056
00.502,0.050
00.504,0.045
00.506,0.036
00.508,0.030
00.510,0.035
00.512,0.035
00.514,0.040
00.516,0.035
00.518,0.030
00.520,0.021
00.522,0.011
00.524,0.005
00.526,0.005
00.528,0.014
00.530,0.020
00.532,0.015
00.534,0.010
00.536,0.001
00.538,-0.009
00.540,-0.019
00.542,-0.015
00.544,-0.010
00.546,-0.005
00.548,-0.005
00.550,-0.005
00.552,-0.005
00.554,-0.005
00.556,0.000
00.558,0.005
00.560,0.005
00.562,0.005
00.564,0.000
00.566,-0.005
00.568,-0.019
00.570,-0.029
00.572,-0.044
00.574,-0.045
00.576,-0.045
00.578,-0.036
00.580,-0.021
00.582,-0.015
00.584,-0.015
00.586,-0.020
00.588,-0.025
00.590,-0.030
00.592,-0.025
00.594,-0.020
00.596,-0.020
00.598,-0.020
00.600,-0.029
00.602,-0.039
00.604,-0.054
00.606,-0.060
00.608,-0.060
00.610,-0.060
00.612,-0.056
00.614,-0.051
00.616,-0.046
00.618,-0.050
00.620,-0.055
00.622,-0.060
00.624,-0.060
00.626,-0.051
00.628,-0.046
00.630,-0.045
00.632,-0.050
00.634,-0.059
00.636,-0.069
00.638,-0.079
00.640,-0.080
00.642,-0.076
00.644,-0.071
00.646,-0.066
00.648,-0.065
00.650,-0.070
00.652,-0.075
00.654,-0.080
00.656,-0.085
00.658,-0.085
00.660,-0.085
00.662,-0.081
00.664,-0.071
00.666,-0.070
00.668,-0.070
00.670,-0.082
00.672,-0.090
00.674,-0.095
00.676,-0.095
00.678,-0.086
00.680,-0.081
00.682,-0.071
00.684,-0.070
00.686,-0.075
00.688,-0.075
00.690,-0.071
00.692,-0.070
00.694,-0.066
00.696,-0.061
00.698,-0.060
00.700,-0.064
00.702,-0.069
00.704,-0.082
00.706,-0.089
00.708,-0.086
00.710,-0.067
00.712,-0.047
00.714,-0.024
00.716,0.001
00.718,0.026
00.720,0.042
00.722,0.057
00.724,0.064
00.726,0.069
00.728,0.066
00.730,0.056
00.732,0.034
00.734,0.000
00.736,-0.035
00.738,-0.070
00.740,-0.092
00.742,-0.107
00.744,-0.110
00.746,-0.106
00.748,-0.101
00.750,-0.109
00.752,-0.119
00.754,-0.132
00.756,-0.135
00.758,-0.135
00.760,-0.126
00.762,-0.116
00.764,-0.111
00.766,-0.110
00.768,-0.110
00.770,-0.119
00.772,-0.124
00.774,-0.125
00.776,-0.121
00.778,-0.111
00.780,-0.101
00.782,-0.091
00.784,-0.086
00.786,-0.085
00.788,-0.085
00.790,-0.085
00.792,-0.076
00.794,-0.071
00.796,-0.070
00.798,-0.091
00.800,-0.141
00.802,-0.234
00.804,-0.363
00.806,-0.490
00.808,-0.568
00.810,-0.547
00.812,-0.360
00.814,-0.006
00.816,0.473
00.818,0.953
00.820,1.251
00.822,1.258
00.824,1.015
00.826,0.677
00.828,0.395
00.830,0.216
00.832,0.119
00.834,0.064
00.836,0.026
00.838,-0.001
00.840,-0.017
00.842,-0.029
00.844,-0.030
00.846,-0.026
00.848,-0.021
00.850,-0.020
00.852,-0.024
00.854,-0.029
00.856,-0.034
00.858,-0.035
00.860,-0.022
00.862,-0.011
00.864,-0.006
00.866,0.004
00.868,0.001
00.870,-0.004
00.872,-0.005
00.874,-0.009
00.876,-0.006
00.878,-0.001
00.880,0.004
00.882,0.005
00.884,0.005
00.886,0.001
00.888,-0.004
00.890,-0.005
00.892,-0.005
00.894,0.004
00.896,0.009
00.898,0.010
00.900,0.006
00.902,0.001
00.904,-0.004
00.906,-0.014
00.908,-0.015
00.910,-0.006
00.912,-0.005
00.914,-0.001
00.916,0.000
00.918,-0.009
00.920,-0.019
00.922,-0.029
00.924,-0.034
00.926,-0.031
00.928,-0.026
00.930,-0.021
00.932,-0.020
00.934,-0.029
00.936,-0.039
00.938,-0.044
00.940,-0.054
00.942,-0.055
00.944,-0.047
00.946,-0.045
00.948,-0.045
00.950,-0.045
00.952,-0.054
00.954,-0.064
00.956,-0.069
00.958,-0.070
00.960,-0.066
00.962,-0.061
00.964,-0.056
00.966,-0.055
00.968,-0.059
00.970,-0.064
00.972,-0.069
00.974,-0.074
00.976,-0.071
00.978,-0.066
00.980,-0.061
00.982,-0.056
00.984,-0.059
00.986,-0.067
00.988,-0.074
00.990,-0.075
00.992,-0.075
00.994,-0.071
00.996,-0.066
00.998,-0.065
01.000,-0.065
01.002,-0.069
01.004,-0.077
01.006,-0.084
01.008,-0.085
01.010,-0.081
01.012,-0.072
01.014,-0.070
01.016,-0.070
01.018,-0.074
01.020,-0.082
01.022,-0.089
01.024,-0.090
01.026,-0.086
01.028,-0.077
01.030,-0.071
01.032,-0.070
01.034,-0.074
01.036,-0.082
01.038,-0.089
01.040,-0.094
01.042,-0.095
01.044,-0.087
01.046,-0.085
01.048,-0.081
01.050,-0.084
01.052,-0.089
01.054,-0.097
01.056,-0.104
01.058,-0.109
01.060,-0.110
01.062,-0.106
01.064,-0.105
01.066,-0.109
01.068,-0.114
01.070,-0.119
01.072,-0.127
01.074,-0.130
01.076,-0.126
01.078,-0.121
01.080,-0.116
01.082,-0.115
01.084,-0.119
01.086,-0.124
01.088,-0.129
01.090,-0.134
01.092,-0.131
01.094,-0.122
01.096,-0.116
01.098,-0.111
01.100,-0.110
01.102,-0.114
01.104,-0.119
01.106,-0.120
01.108,-0.116
01.110,-0.107
01.112,-0.097
01.114,-0.091
01.116,-0.090
01.118,-0.094
01.120,-0.102
01.122,-0.109
01.124,-0.110
01.126,-0.106
01.128,-0.097
01.130,-0.087
01.132,-0.081
01.134,-0.072
01.136,-0.062
01.138,-0.045
01.140,-0.025
01.142,-0.001
01.144,0.036
01.146,0.064
01.148,0.085
01.150,0.090
01.152,0.075
01.154,0.051
01.156,0.022
01.158,-0.004
01.160,-0.029
01.162,-0.050
01.164,-0.066
01.166,-0.081
01.168,-0.096
01.170,-0.111
01.172,-0.119
01.174,-0.124
01.176,-0.121
01.178,-0.116
01.180,-0.111
01.182,-0.106
01.184,-0.105
01.186,-0.109
01.188,-0.110
01.190,-0.110
01.192,-0.106
01.194,-0.097
01.196,-0.087
01.198,-0.077
01.200,-0.071
01.202,-0.074
01.204,-0.082
01.206,-0.085
01.208,-0.081
01.210,-0.072
01.212,-0.062
01.214,-0.060
01.216,-0.056
01.218,-0.059
01.220,-0.060
01.222,-0.071
01.224,-0.097
01.226,-0.150
01.228,-0.241
01.230,-0.356
01.232,-0.468
01.234,-0.533
01.236,-0.477
01.238,-0.236
01.240,0.216
01.242,0.784
01.244,1.295
01.246,1.557
01.248,1.496
01.250,1.212
01.252,0.856
01.254,0.558
01.256,0.358
01.258,0.236
01.260,0.157
01.262,0.106
01.264,0.069
01.266,0.049
01.268,0.034
01.270,0.022
01.272,0.012
01.274,0.014
01.276,0.019
01.278,0.027
01.280,0.034
01.282,0.039
01.284,0.036
01.286,0.027
01.288,0.017
01.290,0.011
01.292,0.014
01.294,0.019
01.296,0.027
01.298,0.037
01.300,0.040
01.302,0.032
01.304,0.026
01.306,0.021
01.308,0.024
01.310,0.029
01.312,0.034
01.314,0.039
01.316,0.036
01.318,0.031
01.320,0.022
01.322,0.020
01.324,0.024
01.326,0.029
01.328,0.041
01.330,0.045
01.332,0.045
01.334,0.041
01.336,0.032
01.338,0.030
01.340,0.026
01.342,0.029
01.344,0.034
01.346,0.042
01.348,0.045
01.350,0.034
01.352,0.022
01.354,0.005
01.356,-0.007
01.358,-0.017
01.360,-0.016
01.362,-0.007
01.364,0.002
01.366,0.005
01.368,0.005
01.370,-0.002
01.372,-0.009
01.374,-0.006
01.376,-0.005
01.378,0.002
01.380,0.009
01.382,0.010
01.384,0.006
01.386,-0.002
01.388,-0.012
01.390,-0.022
01.392,-0.029
01.394,-0.034
01.396,-0.031
01.398,-0.034
01.400,-0.035
01.402,-0.039
01.404,-0.044
01.406,-0.041
01.408,-0.036
01.410,-0.027
01.412,-0.021
01.414,-0.016
01.416,-0.011
01.418,-0.010
01.420,-0.014
01.422,-0.019
01.424,-0.024
01.426,-0.032
01.428,-0.039
01.430,-0.044
01.432,-0.045
01.434,-0.052
01.436,-0.059
01.438,-0.064
01.440,-0.065
01.442,-0.061
01.444,-0.049
01.446,-0.037
01.448,-0.031
01.450,-0.030
01.452,-0.034
01.454,-0.035
01.456,-0.035
01.458,-0.035
01.460,-0.035
01.462,-0.031
01.464,-0.022
01.466,-0.020
01.468,-0.020
01.470,-0.031
01.472,-0.042
01.474,-0.045
01.476,-0.045
01.478,-0.045
01.480,-0.037
01.482,-0.035
01.484,-0.035
01.486,-0.035
01.488,-0.039
01.490,-0.044
01.492,-0.049
01.494,-0.050
01.496,-0.057
01.498,-0.064
01.500,-0.069
01.502,-0.074
01.504,-0.082
01.506,-0.085
01.508,-0.085
01.510,-0.085
01.512,-0.081
01.514,-0.076
01.516,-0.075
01.518,-0.079
01.520,-0.084
01.522,-0.085
01.524,-0.085
01.526,-0.075
01.528,-0.062
01.530,-0.056
01.532,-0.055
01.534,-0.059
01.536,-0.064
01.538,-0.069
01.540,-0.070
01.542,-0.070
01.544,-0.066
01.546,-0.061
01.548,-0.060
01.550,-0.064
01.552,-0.072
01.554,-0.082
01.556,-0.085
01.558,-0.075
01.560,-0.052
01.562,-0.021
01.564,0.011
01.566,0.041
01.568,0.064
01.570,0.084
01.572,0.097
01.574,0.104
01.576,0.099
01.578,0.089
01.580,0.067
01.582,0.042
01.584,0.015
01.586,-0.015
01.588,-0.042
01.590,-0.064
01.592,-0.077
01.594,-0.080
01.596,-0.074
01.598,-0.070
01.600,-0.070
01.602,-0.074
01.604,-0.082
01.606,-0.089
01.608,-0.090
01.610,-0.086
01.612,-0.079
01.614,-0.071
01.616,-0.066
01.618,-0.069
01.620,-0.070
01.622,-0.070
01.624,-0.070
01.626,-0.066
01.628,-0.061
01.630,-0.054
01.632,-0.046
01.634,-0.045
01.636,-0.045
01.638,-0.049
01.640,-0.050
01.642,-0.046
01.644,-0.045
01.646,-0.045
01.648,-0.072
01.650,-0.146
01.652,-0.259
01.654,-0.393
01.656,-0.511
01.658,-0.552
01.660,-0.461
01.662,-0.201
01.664,0.220
01.666,0.727
01.668,1.158
01.670,1.351
01.672,1.265
01.674,0.992
01.676,0.682
01.678,0.437
01.680,0.282
01.682,0.186
01.684,0.120
01.686,0.074
01.688,0.044
01.690,0.025
01.692,0.020
01.694,0.024
01.696,0.029
01.698,0.034
01.700,0.031
01.702,0.030
01.704,0.030
01.706,0.030
01.708,0.030
01.710,0.040
01.712,0.051
01.714,0.059
01.716,0.064
01.718,0.059
01.720,0.051
01.722,0.044
01.724,0.040
01.726,0.044
01.728,0.051
01.730,0.059
01.732,0.064
01.734,0.061
01.736,0.056
01.738,0.049
01.740,0.041
01.742,0.044
01.744,0.045
01.746,0.051
01.748,0.055
01.750,0.055
01.752,0.049
01.754,0.041
01.756,0.034
01.758,0.030
01.760,0.030
01.762,0.036
01.764,0.044
01.766,0.041
01.768,0.034
01.770,0.026
01.772,0.021
01.774,0.014
01.776,0.010
01.778,0.014
01.780,0.019
01.782,0.016
01.784,0.009
01.786,0.001
01.788,-0.004
01.790,-0.009
01.792,-0.010
01.794,-0.006
01.796,-0.005
01.798,-0.005
01.800,-0.009
01.802,-0.016
01.804,-0.030
01.806,-0.035
01.808,-0.035
01.810,-0.035
01.812,-0.029
01.814,-0.021
01.816,-0.024
01.818,-0.031
01.820,-0.039
01.822,-0.044
01.824,-0.041
01.826,-0.036
01.828,-0.029
01.830,-0.021
01.832,-0.020
01.834,-0.026
01.836,-0.034
01.838,-0.041
01.840,-0.045
01.842,-0.045
01.844,-0.041
01.846,-0.036
01.848,-0.035
01.850,-0.035
01.852,-0.041
01.854,-0.049
01.856,-0.054
01.858,-0.052
01.860,-0.047
01.862,-0.045
01.864,-0.042
01.866,-0.044
01.868,-0.051
01.870,-0.061
01.872,-0.069
01.874,-0.070
01.876,-0.070
01.878,-0.067
01.880,-0.062
01.882,-0.064
01.884,-0.069
01.886,-0.080
01.888,-0.091
01.890,-0.095
01.892,-0.095
01.894,-0.089
01.896,-0.085
01.898,-0.085
01.900,-0.089
01.902,-0.096
01.904,-0.106
01.906,-0.114
01.908,-0.119
01.910,-0.120
01.912,-0.117
01.914,-0.115
01.916,-0.119
01.918,-0.126
01.920,-0.136
01.922,-0.146
01.924,-0.150
01.926,-0.150
01.928,-0.147
01.930,-0.139
01.932,-0.135
01.934,-0.135
01.936,-0.141
01.938,-0.149
01.940,-0.150
01.942,-0.150
01.944,-0.141
01.946,-0.129
01.948,-0.122
01.950,-0.124
01.952,-0.129
01.954,-0.134
01.956,-0.135
01.958,-0.132
01.960,-0.124
01.962,-0.114
01.964,-0.104
01.966,-0.100
01.968,-0.106
01.970,-0.114
01.972,-0.119
01.974,-0.124
01.976,-0.125
01.978,-0.122
01.980,-0.114
01.982,-0.104
01.984,-0.091
01.986,-0.076
01.988,-0.057
01.990,-0.037
01.992,-0.015
01.994,0.016
01.996,0.049
01.998,0.066
02.000,0.067
02.002,0.050
02.004,0.019
02.006,-0.016
02.008,-0.047
02.010,-0.069
02.012,-0.084
02.014,-0.099
02.016,-0.111
02.018,-0.124
02.020,-0.139
02.022,-0.147
02.024,-0.150
02.026,-0.150
02.028,-0.141
02.030,-0.132
02.032,-0.127
02.034,-0.127
02.036,-0.132
02.038,-0.137
02.040,-0.140
02.042,-0.137
02.044,-0.129
02.046,-0.119
02.048,-0.112
02.050,-0.110
02.052,-0.116
02.054,-0.122
02.056,-0.125
02.058,-0.122
02.060,-0.114
02.062,-0.104
02.064,-0.097
02.066,-0.095
02.068,-0.097
02.070,-0.106
02.072,-0.125
02.074,-0.165
02.076,-0.235
02.078,-0.337
02.080,-0.461
02.082,-0.573
02.084,-0.623
02.086,-0.536
02.088,-0.245
02.090,0.246
02.092,0.819
02.094,1.281
02.096,1.481
02.098,1.388
02.100,1.102
02.102,0.768
02.104,0.485
02.106,0.287
02.108,0.156
02.110,0.072
02.112,0.021
02.114,-0.010
02.116,-0.029
02.118,-0.037
02.120,-0.042
02.122,-0.045
02.124,-0.045
02.126,-0.039
02.128,-0.029
02.130,-0.019
02.132,-0.012
02.134,-0.012
02.136,-0.017
02.138,-0.022
02.140,-0.025
02.142,-0.022
02.144,-0.014
02.146,-0.004
02.148,0.002
02.150,0.002
02.152,-0.002
02.154,-0.007
02.156,-0.012
02.158,-0.012
02.160,-0.004
02.162,0.002
02.164,0.007
02.166,0.007
02.168,0.002
02.170,-0.002
02.172,-0.007
02.174,-0.007
02.176,-0.002
02.178,0.006
02.180,0.016
02.182,0.020
02.184,0.014
02.186,0.007
02.188,0.002
02.190,-0.002
02.192,-0.002
02.194,0.002
02.196,0.007
02.198,0.010
02.200,0.010
02.202,0.007
02.204,0.000
02.206,-0.005
02.208,-0.002
02.210,0.002
02.212,0.010
02.214,0.017
02.216,0.017
02.218,0.010
02.220,0.000
02.222,-0.007
02.224,-0.012
02.226,-0.012
02.228,-0.007
02.230,-0.005
02.232,-0.007
02.234,-0.015
02.236,-0.022
02.238,-0.027
02.240,-0.027
02.242,-0.022
02.244,-0.011
02.246,-0.002
02.248,0.002
02.250,0.002
02.252,-0.002
02.254,-0.010
02.256,-0.017
02.258,-0.017
02.260,-0.012
02.262,-0.007
02.264,-0.005
02.266,-0.010
02.268,-0.024
02.270,-0.039
02.272,-0.047
02.274,-0.052
02.276,-0.052
02.278,-0.047
02.280,-0.042
02.282,-0.042
02.284,-0.047
02.286,-0.055
02.288,-0.060
02.290,-0.060
02.292,-0.055
02.294,-0.045
02.296,-0.035
02.298,-0.025
02.300,-0.020
02.302,-0.022
02.304,-0.027
02.306,-0.030
02.308,-0.025
02.310,-0.017
02.312,-0.012
02.314,-0.010
02.316,-0.015
02.318,-0.027
02.320,-0.040
02.322,-0.054
02.324,-0.060
02.326,-0.057
02.328,-0.052
02.330,-0.047
02.332,-0.047
02.334,-0.055
02.336,-0.065
02.338,-0.072
02.340,-0.077
02.342,-0.077
02.344,-0.072
02.346,-0.067
02.348,-0.065
02.350,-0.067
02.352,-0.077
02.354,-0.090
02.356,-0.102
02.358,-0.110
02.360,-0.110
02.362,-0.107
02.364,-0.105
02.366,-0.107
02.368,-0.112
02.370,-0.117
02.372,-0.122
02.374,-0.122
02.376,-0.117
02.378,-0.110
02.380,-0.100
02.382,-0.095
02.384,-0.095
02.386,-0.097
02.388,-0.105
02.390,-0.110
02.392,-0.110
02.394,-0.110
02.396,-0.107
02.398,-0.107
02.400,-0.112
02.402,-0.120
02.404,-0.125
02.406,-0.120
02.408,-0.105
02.410,-0.076
02.412,-0.045
02.414,-0.011
02.416,0.015
02.418,0.027
02.420,0.030
02.422,0.027
02.424,0.022
02.426,0.012
02.428,-0.002
02.430,-0.022
02.432,-0.054
02.434,-0.091
02.436,-0.131
02.438,-0.165
02.440,-0.187
02.442,-0.195
02.444,-0.190
02.446,-0.180
02.448,-0.170
02.450,-0.167
02.452,-0.170
02.454,-0.172
02.456,-0.177
02.458,-0.182
02.460,-0.182
02.462,-0.177
02.464,-0.172
02.466,-0.172
02.468,-0.175
02.470,-0.177
02.472,-0.180
02.474,-0.175
02.476,-0.165
02.478,-0.160
02.480,-0.157
02.482,-0.157
02.484,-0.162
02.486,-0.170
02.488,-0.175
02.490,-0.175
02.492,-0.175
02.494,-0.177
02.496,-0.195
02.498,-0.250
02.500,-0.348
02.502,-0.476
02.504,-0.603
02.506,-0.672
02.508,-0.627
02.510,-0.422
02.512,-0.045
02.514,0.443
02.516,0.896
02.518,1.148
02.520,1.120
02.522,0.878
02.524,0.571
02.526,0.322
02.528,0.170
02.530,0.085
02.532,0.035
02.534,-0.002
02.536,-0.035
02.538,-0.060
02.540,-0.075
02.542,-0.077
02.544,-0.072
02.546,-0.067
02.548,-0.065
02.550,-0.065
02.552,-0.067
02.554,-0.075
02.556,-0.080
02.558,-0.075
02.560,-0.065
02.562,-0.055
02.564,-0.047
02.566,-0.045
02.568,-0.045
02.570,-0.050
02.572,-0.055
02.574,-0.052
02.576,-0.047
02.578,-0.040
02.580,-0.035
02.582,-0.035
02.584,-0.037
02.586,-0.042
02.588,-0.050
02.590,-0.057
02.592,-0.057
02.594,-0.050
02.596,-0.040
02.598,-0.035
02.600,-0.035
02.602,-0.040
02.604,-0.050
02.606,-0.057
02.608,-0.057
02.610,-0.052
02.612,-0.047
02.614,-0.042
02.616,-0.042
02.618,-0.050
02.620,-0.060
02.622,-0.067
02.624,-0.070
02.626,-0.070
02.628,-0.067
02.630,-0.065
02.632,-0.067
02.634,-0.075
02.636,-0.085
02.638,-0.092
02.640,-0.095
02.642,-0.095
02.644,-0.092
02.646,-0.087
02.648,-0.085
02.650,-0.087
02.652,-0.092
02.654,-0.097
02.656,-0.102
02.658,-0.102
02.660,-0.097
02.662,-0.092
02.664,-0.090
02.666,-0.092
02.668,-0.100
02.670,-0.107
02.672,-0.110
02.674,-0.110
02.676,-0.105
02.678,-0.097
02.680,-0.092
02.682,-0.090
02.684,-0.095
02.686,-0.105
02.688,-0.112
02.690,-0.112
02.692,-0.110
02.694,-0.102
02.696,-0.092
02.698,-0.087
02.700,-0.090
02.702,-0.100
02.704,-0.107
02.706,-0.112
02.708,-0.115
02.710,-0.112
02.712,-0.107
02.714,-0.102
02.716,-0.102
02.718,-0.107
02.720,-0.115
02.722,-0.120
02.724,-0.122
02.726,-0.122
02.728,-0.117
02.730,-0.112
02.732,-0.112
02.734,-0.117
02.736,-0.122
02.738,-0.127
02.740,-0.130
02.742,-0.130
02.744,-0.127
02.746,-0.122
02.748,-0.120
02.750,-0.125
02.752,-0.132
02.754,-0.140
02.756,-0.147
02.758,-0.150
02.760,-0.145
02.762,-0.137
02.764,-0.135
02.766,-0.135
02.768,-0.141
02.770,-0.152
02.772,-0.157
02.774,-0.157
02.776,-0.152
02.778,-0.144
02.780,-0.135
02.782,-0.135
02.784,-0.135
02.786,-0.140
02.788,-0.147
02.790,-0.147
02.792,-0.141
02.794,-0.131
02.796,-0.121
02.798,-0.112
02.800,-0.112
02.802,-0.117
02.804,-0.122
02.806,-0.125
02.808,-0.122
02.810,-0.116
02.812,-0.107
02.814,-0.105
02.816,-0.107
02.818,-0.112
02.820,-0.117
02.822,-0.125
02.824,-0.130
02.826,-0.126
02.828,-0.114
02.830,-0.094
02.832,-0.067
02.834,-0.041
02.836,-0.019
02.838,0.001
02.840,0.019
02.842,0.036
02.844,0.050
02.846,0.051
02.848,0.039
02.850,0.015
02.852,-0.020
02.854,-0.052
02.856,-0.082
02.858,-0.109
02.860,-0.122
02.862,-0.127
02.864,-0.132
02.866,-0.140
02.868,-0.150
02.870,-0.157
02.872,-0.162
02.874,-0.162
02.876,-0.156
02.878,-0.144
02.880,-0.132
02.882,-0.130
02.884,-0.132
02.886,-0.137
02.888,-0.140
02.890,-0.137
02.892,-0.132
02.894,-0.124
02.896,-0.112
02.898,-0.106
02.900,-0.102
02.902,-0.107
02.904,-0.112
02.906,-0.115
02.908,-0.112
02.910,-0.104
02.912,-0.091
02.914,-0.081
02.916,-0.079
02.918,-0.100
02.920,-0.150
02.922,-0.236
02.924,-0.352
02.926,-0.471
02.928,-0.558
02.930,-0.565
02.932,-0.427
02.934,-0.097
02.936,0.396
02.938,0.922
02.940,1.305
02.942,1.410
02.944,1.235
02.946,0.919
02.948,0.611
02.950,0.382
02.952,0.235
02.954,0.139
02.956,0.076
02.958,0.037
02.960,0.016
02.962,0.010
02.964,0.010
02.966,0.007
02.968,0.005
02.970,0.002
02.972,0.000
02.974,0.002
02.976,0.009
02.978,0.019
02.980,0.027
02.982,0.030
02.984,0.030
02.986,0.027
02.988,0.022
02.990,0.024
02.992,0.032
02.994,0.039
02.996,0.047
02.998,0.050
03.000,0.047
03.002,0.042
03.004,0.036
03.006,0.032
03.008,0.037
03.010,0.042
03.012,0.049
03.014,0.059
03.016,0.065
03.018,0.061
03.020,0.055
03.022,0.052
03.024,0.050
03.026,0.052
03.028,0.061
03.030,0.072
03.032,0.075
03.034,0.072
03.036,0.066
03.038,0.056
03.040,0.047
03.042,0.047
03.044,0.052
03.046,0.057
03.048,0.060
03.050,0.057
03.052,0.051
03.054,0.042
03.056,0.037
03.058,0.037
03.060,0.042
03.062,0.047
03.064,0.050
03.066,0.047
03.068,0.042
03.070,0.036
03.072,0.030
03.074,0.030
03.076,0.032
03.078,0.039
03.080,0.047
03.082,0.047
03.084,0.045
03.086,0.041
03.088,0.032
03.090,0.030
03.092,0.032
03.094,0.039
03.096,0.045
03.098,0.047
03.100,0.047
03.102,0.039
03.104,0.027
03.106,0.022
03.108,0.022
03.110,0.027
03.112,0.032
03.114,0.037
03.116,0.036
03.118,0.027
03.120,0.022
03.122,0.017
03.124,0.017
03.126,0.020
03.128,0.024
03.130,0.030
03.132,0.030
03.134,0.026
03.136,0.016
03.138,0.007
03.140,0.005
03.142,0.005
03.144,0.007
03.146,0.014
03.148,0.020
03.150,0.020
03.152,0.019
03.154,0.014
03.156,0.010
03.158,0.010
03.160,0.014
03.162,0.022
03.164,0.025
03.166,0.024
03.168,0.016
03.170,0.009
03.172,0.001
03.174,-0.005
03.176,-0.004
03.178,0.001
03.180,0.005
03.182,0.005
03.184,0.001
03.186,-0.009
03.188,-0.016
03.190,-0.020
03.192,-0.019
03.194,-0.011
03.196,-0.004
03.198,0.000
03.200,-0.001
03.202,-0.006
03.204,-0.011
03.206,-0.014
03.208,-0.009
03.210,-0.001
03.212,0.006
03.214,0.014
03.216,0.019
03.218,0.014
03.220,0.009
03.222,0.005
03.224,0.005
03.226,0.006
03.228,0.014
03.230,0.020
03.232,0.019
03.234,0.011
03.236,0.000
03.238,-0.014
03.240,-0.020
03.242,-0.019
03.244,-0.014
03.246,-0.009
03.248,-0.005
03.250,-0.001
03.252,0.010
03.254,0.027
03.256,0.051
03.258,0.081
03.260,0.112
03.262,0.146
03.264,0.172
03.266,0.184
03.268,0.172
03.270,0.151
03.272,0.125
03.274,0.095
03.276,0.066
03.278,0.042
03.280,0.022
03.282,0.005
03.284,-0.012
03.286,-0.032
03.288,-0.046
03.290,-0.051
03.292,-0.051
03.294,-0.044
03.296,-0.039
03.298,-0.035
03.300,-0.036
03.302,-0.044
03.304,-0.054
03.306,-0.060
03.308,-0.060
03.310,-0.056
03.312,-0.046
03.314,-0.039
03.316,-0.034
03.318,-0.031
03.320,-0.035
03.322,-0.035
03.324,-0.034
03.326,-0.026
03.328,-0.019
03.330,-0.015
03.332,-0.015
03.334,-0.019
03.336,-0.029
03.338,-0.039
03.340,-0.051
03.342,-0.080
03.344,-0.140
03.346,-0.242
03.348,-0.367
03.350,-0.478
03.352,-0.525
03.354,-0.432
03.356,-0.144
03.358,0.316
03.360,0.837
03.362,1.266
03.364,1.451
03.366,1.335
03.368,1.008
03.370,0.647
03.372,0.378
03.374,0.224
03.376,0.144
03.378,0.100
03.380,0.074
03.382,0.055
03.384,0.040
03.386,0.029
03.388,0.024
03.390,0.020
03.392,0.024
03.394,0.035
03.396,0.046
03.398,0.051
03.400,0.055
03.402,0.055
03.404,0.054
03.406,0.051
03.408,0.056
03.410,0.064
03.412,0.070
03.414,0.070
03.416,0.070
03.418,0.066
03.420,0.059
03.422,0.055
03.424,0.060
03.426,0.074
03.428,0.081
03.430,0.085
03.432,0.084
03.434,0.077
03.436,0.069
03.438,0.062
03.440,0.056
03.442,0.064
03.444,0.074
03.446,0.081
03.448,0.085
03.450,0.084
03.452,0.077
03.454,0.065
03.456,0.055
03.458,0.055
03.460,0.056
03.462,0.061
03.464,0.064
03.466,0.059
03.468,0.050
03.470,0.037
03.472,0.029
03.474,0.025
03.476,0.026
03.478,0.031
03.480,0.034
03.482,0.030
03.484,0.027
03.486,0.015
03.488,0.004
03.490,0.000
03.492,0.001
03.494,0.006
03.496,0.011
03.498,0.015
03.500,0.012
03.502,0.004
03.504,-0.001
03.506,-0.004
03.508,0.001
03.510,0.010
03.512,0.022
03.514,0.030
03.516,0.029
03.518,0.022
03.520,0.012
03.522,0.002
03.524,-0.005
03.526,-0.004
03.528,0.001
03.530,0.005
03.532,0.002
03.534,-0.006
03.536,-0.012
03.538,-0.022
03.540,-0.030
03.542,-0.029
03.544,-0.024
03.546,-0.020
03.548,-0.020
03.550,-0.022
03.552,-0.031
03.554,-0.036
03.556,-0.040
03.558,-0.039
03.560,-0.035
03.562,-0.032
03.564,-0.025
03.566,-0.027
03.568,-0.036
03.570,-0.041
03.572,-0.047
03.574,-0.054
03.576,-0.049
03.578,-0.044
03.580,-0.039
03.582,-0.036
03.584,-0.041
03.586,-0.047
03.588,-0.056
03.590,-0.061
03.592,-0.064
03.594,-0.059
03.596,-0.055
03.598,-0.055
03.600,-0.056
03.602,-0.062
03.604,-0.074
03.606,-0.086
03.608,-0.089
03.610,-0.085
03.612,-0.084
03.614,-0.080
03.616,-0.081
03.618,-0.087
03.620,-0.096
03.622,-0.102
03.624,-0.109
03.626,-0.102
03.628,-0.095
03.630,-0.095
03.632,-0.095
03.634,-0.096
03.636,-0.102
03.638,-0.110
03.640,-0.110
03.642,-0.109
03.644,-0.102
03.646,-0.094
03.648,-0.091
03.650,-0.096
03.652,-0.102
03.654,-0.112
03.656,-0.121
03.658,-0.124
03.660,-0.117
03.662,-0.107
03.664,-0.100
03.666,-0.101
03.668,-0.104
03.670,-0.097
03.672,-0.084
03.674,-0.055
03.676,-0.020
03.678,0.015
03.680,0.046
03.682,0.069
03.684,0.080
03.686,0.077
03.688,0.065
03.690,0.045
03.692,0.025
03.694,0.005
03.696,-0.016
03.698,-0.041
03.700,-0.066
03.702,-0.091
03.704,-0.114
03.706,-0.127
03.708,-0.134
03.710,-0.129
03.712,-0.124
03.714,-0.119
03.716,-0.116
03.718,-0.120
03.720,-0.122
03.722,-0.130
03.724,-0.129
03.726,-0.124
03.728,-0.117
03.730,-0.110
03.732,-0.110
03.734,-0.110
03.736,-0.110
03.738,-0.111
03.740,-0.114
03.742,-0.109
03.744,-0.102
03.746,-0.092
03.748,-0.085
03.750,-0.086
03.752,-0.091
03.754,-0.096
03.756,-0.101
03.758,-0.106
03.760,-0.120
03.762,-0.171
03.764,-0.265
03.766,-0.390
03.768,-0.521
03.770,-0.605
03.772,-0.588
03.774,-0.411
03.776,-0.030
03.778,0.500
03.780,1.020
03.782,1.348
03.784,1.361
03.786,1.110
03.788,0.757
03.790,0.451
03.792,0.254
03.794,0.144
03.796,0.084
03.798,0.041
03.800,0.009
03.802,-0.015
03.804,-0.032
03.806,-0.041
03.808,-0.044
03.810,-0.037
03.812,-0.027
03.814,-0.019
03.816,-0.015
03.818,-0.016
03.820,-0.021
03.822,-0.025
03.824,-0.024
03.826,-0.017
03.828,-0.007
03.830,0.001
03.832,0.005
03.834,0.004
03.836,-0.001
03.838,-0.006
03.840,-0.009
03.842,-0.004
03.844,0.002
03.846,0.011
03.848,0.015
03.850,0.014
03.852,0.009
03.854,0.004
03.856,0.000
03.858,0.001
03.860,0.007
03.862,0.016
03.864,0.021
03.866,0.024
03.868,0.017
03.870,0.009
03.872,0.004
03.874,0.000
03.876,0.001
03.878,0.006
03.880,0.011
03.882,0.014
03.884,0.009
03.886,0.004
03.888,-0.001
03.890,-0.005
03.892,-0.004
03.894,0.001
03.896,0.005
03.898,0.005
03.900,0.002
03.902,-0.007
03.904,-0.016
03.906,-0.020
03.908,-0.017
03.910,-0.009
03.912,-0.002
03.914,0.005
03.916,0.002
03.918,-0.006
03.920,-0.011
03.922,-0.015
03.924,-0.014
03.926,-0.009
03.928,-0.002
03.930,0.005
03.932,0.005
03.934,0.002
03.936,-0.006
03.938,-0.011
03.940,-0.014
03.942,-0.009
03.944,-0.004
03.946,0.001
03.948,0.005
03.950,0.002
03.952,-0.006
03.954,-0.012
03.956,-0.020
03.958,-0.019
03.960,-0.014
03.962,-0.009
03.964,-0.005
03.966,-0.007
03.968,-0.016
03.970,-0.021
03.972,-0.026
03.974,-0.029
03.976,-0.024
03.978,-0.017
03.980,-0.009
03.982,-0.006
03.984,-0.012
03.986,-0.021
03.988,-0.026
03.990,-0.029
03.992,-0.024
03.994,-0.017
03.996,-0.009
03.998,-0.006
04.000,-0.011
04.002,-0.017
04.004,-0.027
04.006,-0.035
04.008,-0.032
04.010,-0.024
04.012,-0.020
04.014,-0.020
04.016,-0.021
04.018,-0.027
04.020,-0.037
04.022,-0.046
04.024,-0.050
04.026,-0.049
04.028,-0.045
04.030,-0.045
04.032,-0.045
04.034,-0.046
04.036,-0.052
04.038,-0.060
04.040,-0.060
04.042,-0.057
04.044,-0.047
04.046,-0.037
04.048,-0.029
04.050,-0.026
04.052,-0.031
04.054,-0.036
04.056,-0.039
04.058,-0.035
04.060,-0.032
04.062,-0.017
04.064,-0.009
04.066,-0.006
04.068,-0.011
04.070,-0.016
04.072,-0.020
04.074,-0.019
04.076,-0.014
04.078,-0.009
04.080,-0.005
04.082,-0.006
04.084,-0.012
04.086,-0.022
04.088,-0.030
04.090,-0.026
04.092,-0.005
04.094,0.026
04.096,0.061
04.098,0.096
04.100,0.122
04.102,0.137
04.104,0.146
04.106,0.149
04.108,0.144
04.110,0.132
04.112,0.115
04.114,0.090
04.116,0.064
04.118,0.030
04.120,0.000
04.122,-0.022
04.124,-0.036
04.126,-0.045
04.128,-0.045
04.130,-0.045
04.132,-0.045
04.134,-0.046
04.136,-0.051
04.138,-0.060
04.140,-0.060
04.142,-0.059
04.144,-0.049
04.146,-0.044
04.148,-0.035
04.150,-0.035
04.152,-0.036
04.154,-0.041
04.156,-0.044
04.158,-0.039
04.160,-0.029
04.162,-0.020
04.164,-0.019
04.166,-0.015
04.168,-0.016
04.170,-0.021
04.172,-0.025
04.174,-0.024
04.176,-0.019
04.178,-0.011
04.180,-0.020
04.182,-0.057
04.184,-0.140
04.186,-0.257
04.188,-0.385
04.190,-0.492
04.192,-0.513
04.194,-0.378
04.196,-0.035
04.198,0.487
04.200,1.053
04.202,1.473
04.204,1.590
04.206,1.410
04.208,1.078
04.210,0.742
04.212,0.492
04.214,0.332
04.216,0.227
04.218,0.150
04.220,0.094
04.222,0.057
04.224,0.044
04.226,0.041
04.228,0.046
04.230,0.056
04.232,0.059
04.234,0.055
04.236,0.054
04.238,0.045
04.240,0.045
04.242,0.046
04.244,0.057
04.246,0.071
04.248,0.080
04.250,0.080
04.252,0.079
04.254,0.069
04.256,0.059
04.258,0.055
04.260,0.056
04.262,0.066
04.264,0.070
04.266,0.069
04.268,0.059
04.270,0.054
04.272,0.044
04.274,0.041
04.276,0.046
04.278,0.051
04.280,0.055
04.282,0.055
04.284,0.054
04.286,0.044
04.288,0.034
04.290,0.030
04.292,0.031
04.294,0.036
04.296,0.045
04.298,0.045
04.300,0.044
04.302,0.034
04.304,0.024
04.306,0.019
04.308,0.016
04.310,0.020
04.312,0.020
04.314,0.019
04.316,0.014
04.318,0.004
04.320,-0.006
04.322,-0.016
04.324,-0.019
04.326,-0.014
04.328,-0.009
04.330,-0.005
04.332,-0.005
04.334,-0.006
04.336,-0.016
04.338,-0.020
04.340,-0.020
04.342,-0.017
04.344,-0.004
04.346,0.006
04.348,0.016
04.350,0.019
04.352,0.014
04.354,0.005
04.356,0.005
04.358,0.005
04.360,0.004
04.362,-0.001
04.364,-0.006
04.366,-0.016
04.368,-0.026
04.370,-0.036
04.372,-0.045
04.374,-0.045
04.376,-0.045
04.378,-0.040
04.380,-0.035
04.382,-0.035
04.384,-0.036
04.386,-0.046
04.388,-0.056
04.390,-0.060
04.392,-0.060
04.394,-0.059
04.396,-0.050
04.398,-0.051
04.400,-0.056
04.402,-0.061
04.404,-0.071
04.406,-0.075
04.408,-0.075
04.410,-0.069
04.412,-0.060
04.414,-0.055
04.416,-0.051
04.418,-0.056
04.420,-0.060
04.422,-0.060
04.424,-0.054
04.426,-0.044
04.428,-0.035
04.430,-0.035
04.432,-0.035
04.434,-0.036
04.436,-0.046
04.438,-0.060
04.440,-0.060
04.442,-0.060
04.444,-0.060
04.446,-0.055
04.448,-0.051
04.450,-0.056
04.452,-0.061
04.454,-0.071
04.456,-0.085
04.458,-0.085
04.460,-0.085
04.462,-0.086
04.464,-0.091
04.466,-0.096
04.468,-0.111
04.470,-0.121
04.472,-0.130
04.474,-0.130
04.476,-0.125
04.478,-0.119
04.480,-0.110
04.482,-0.105
04.484,-0.101
04.486,-0.106
04.488,-0.110
04.490,-0.110
04.492,-0.110
04.494,-0.109
04.496,-0.095
04.498,-0.090
04.500,-0.096
04.502,-0.106
04.504,-0.115
04.506,-0.107
04.508,-0.087
04.510,-0.056
04.512,-0.022
04.514,0.007
04.516,0.026
04.518,0.040
04.520,0.045
04.522,0.040
04.524,0.034
04.526,0.024
04.528,0.012
04.530,-0.007
04.532,-0.037
04.534,-0.067
04.536,-0.097
04.538,-0.127
04.540,-0.151
04.542,-0.160
04.544,-0.160
04.546,-0.160
04.548,-0.160
04.550,-0.160
04.552,-0.165
04.554,-0.170
04.556,-0.175
04.558,-0.169
04.560,-0.159
04.562,-0.150
04.564,-0.145
04.566,-0.145
04.568,-0.140
04.570,-0.145
04.572,-0.150
04.574,-0.145
04.576,-0.139
04.578,-0.129
04.580,-0.120
04.582,-0.120
04.584,-0.120
04.586,-0.126
04.588,-0.135
04.590,-0.135
04.592,-0.135
04.594,-0.130
04.596,-0.139
04.598,-0.176
04.600,-0.250
04.602,-0.367
04.604,-0.500
04.606,-0.598
04.608,-0.621
04.610,-0.495
04.612,-0.175
04.614,0.305
04.616,0.827
04.618,1.188
04.620,1.264
04.622,1.063
04.624,0.734
04.626,0.422
04.628,0.216
04.630,0.105
04.632,0.047
04.634,0.012
04.636,-0.022
04.638,-0.046
04.640,-0.060
04.642,-0.060
04.644,-0.054
04.646,-0.045
04.648,-0.040
04.650,-0.035
04.652,-0.040
04.654,-0.045
04.656,-0.045
04.658,-0.040
04.660,-0.034
04.662,-0.025
04.664,-0.020
04.666,-0.020
04.668,-0.020
04.670,-0.025
04.672,-0.030
04.674,-0.030
04.676,-0.025
04.678,-0.020
04.680,-0.015
04.682,-0.010
04.684,-0.015
04.686,-0.021
04.688,-0.030
04.690,-0.030
04.692,-0.024
04.694,-0.014
04.696,-0.005
04.698,-0.005
04.700,-0.006
04.702,-0.016
04.704,-0.025
04.706,-0.030
04.708,-0.035
04.710,-0.025
04.712,-0.019
04.714,-0.010
04.716,-0.015
04.718,-0.021
04.720,-0.030
04.722,-0.035
04.724,-0.040
04.726,-0.035
04.728,-0.030
04.730,-0.025
04.732,-0.025
04.734,-0.030
04.736,-0.035
04.738,-0.045
04.740,-0.045
04.742,-0.045
04.744,-0.040
04.746,-0.035
04.748,-0.035
04.750,-0.035
04.752,-0.045
04.754,-0.050
04.756,-0.055
04.758,-0.055
04.760,-0.045
04.762,-0.040
04.764,-0.035
04.766,-0.040
04.768,-0.045
04.770,-0.055
04.772,-0.060
04.774,-0.060
04.776,-0.055
04.778,-0.045
04.780,-0.040
04.782,-0.035
04.784,-0.040
04.786,-0.045
04.788,-0.055
04.790,-0.060
04.792,-0.060
04.794,-0.050
04.796,-0.045
04.798,-0.040
04.800,-0.045
04.802,-0.050
04.804,-0.060
04.806,-0.065
04.808,-0.065
04.810,-0.060
04.812,-0.050
04.814,-0.045
04.816,-0.045
04.818,-0.055
04.820,-0.060
04.822,-0.070
04.824,-0.070
04.826,-0.065
04.828,-0.060
04.830,-0.050
04.832,-0.050
04.834,-0.060
04.836,-0.070
04.838,-0.080
04.840,-0.085
04.842,-0.085
04.844,-0.075
04.846,-0.070
04.848,-0.065
04.850,-0.065
04.852,-0.070
04.854,-0.080
04.856,-0.085
04.858,-0.090
04.860,-0.085
04.862,-0.080
04.864,-0.075
04.866,-0.080
04.868,-0.085
04.870,-0.090
04.872,-0.095
04.874,-0.095
04.876,-0.090
04.878,-0.085
04.880,-0.070
04.882,-0.070
04.884,-0.070
04.886,-0.075
04.888,-0.085
04.890,-0.085
04.892,-0.075
04.894,-0.065
04.896,-0.060
04.898,-0.050
04.900,-0.050
04.902,-0.055
04.904,-0.060
04.906,-0.060
04.908,-0.060
04.910,-0.060
04.912,-0.050
04.914,-0.045
04.916,-0.045
04.918,-0.045
04.920,-0.055
04.922,-0.055
04.924,-0.055
04.926,-0.040
04.928,-0.019
04.930,0.016
04.932,0.046
04.934,0.075
04.936,0.095
04.938,0.115
04.940,0.125
04.942,0.135
04.944,0.135
04.946,0.120
04.948,0.100
04.950,0.070
04.952,0.035
04.954,0.005
04.956,-0.025
04.958,-0.045
04.960,-0.055
04.962,-0.060
04.964,-0.060
04.966,-0.065
04.968,-0.070
04.970,-0.075
04.972,-0.080
04.974,-0.080
04.976,-0.075
04.978,-0.065
04.980,-0.060
04.982,-0.055
04.984,-0.060
04.986,-0.060
04.988,-0.065
04.990,-0.065
04.992,-0.060
04.994,-0.045
04.996,-0.040
04.998,-0.035
05.000,-0.035
05.002,-0.035
05.004,-0.045
05.006,-0.045
05.008,-0.035
05.010,-0.030
05.012,-0.020
05.014,-0.020
05.016,-0.030
05.018,-0.070
05.020,-0.160
05.022,-0.285
05.024,-0.415
05.026,-0.510
05.028,-0.515
05.030,-0.350
05.032,0.005
05.034,0.515
05.036,1.055
05.038,1.455
05.040,1.565
05.042,1.370
05.044,1.005
05.046,0.656
05.048,0.411
05.050,0.256
05.052,0.160
05.054,0.095
05.056,0.055
05.058,0.040
05.060,0.035
05.062,0.045
05.064,0.050
05.066,0.050
05.068,0.045
05.070,0.045
05.072,0.040
05.074,0.040
05.076,0.045
05.078,0.055
05.080,0.065
05.082,0.070
05.084,0.070
05.086,0.065
05.088,0.055
05.090,0.055
05.092,0.060
05.094,0.070
05.096,0.080
05.098,0.080
05.100,0.080
05.102,0.070
05.104,0.070
05.106,0.065
05.108,0.065
05.110,0.070
05.112,0.080
05.114,0.080
05.116,0.085
05.118,0.080
05.120,0.075
05.122,0.070
05.124,0.070
05.126,0.075
05.128,0.080
05.130,0.085
05.132,0.090
05.134,0.080
05.136,0.075
05.138,0.070
05.140,0.065
05.142,0.065
05.144,0.070
05.146,0.075
05.148,0.080
05.150,0.080
05.152,0.070
05.154,0.060
05.156,0.055
05.158,0.055
05.160,0.055
05.162,0.065
05.164,0.070
05.166,0.070
05.168,0.065
05.170,0.055
05.172,0.055
05.174,0.055
05.176,0.055
05.178,0.065
05.180,0.070
05.182,0.070
05.184,0.065
05.186,0.060
05.188,0.055
05.190,0.050
05.192,0.055
05.194,0.055
05.196,0.065
05.198,0.065
05.200,0.055
05.202,0.050
05.204,0.040
05.206,0.040
05.208,0.045
05.210,0.055
05.212,0.055
05.214,0.055
05.216,0.055
05.218,0.045
05.220,0.030
05.222,0.020
05.224,0.015
05.226,0.015
05.228,0.020
05.230,0.020
05.232,0.020
05.234,0.010
05.236,-0.005
05.238,-0.020
05.240,-0.020
05.242,-0.020
05.244,-0.010
05.246,-0.005
05.248,-0.005
05.250,-0.010
05.252,-0.020
05.254,-0.030
05.256,-0.035
05.258,-0.035
05.260,-0.035
05.262,-0.035
05.264,-0.035
05.266,-0.040
05.268,-0.050
05.270,-0.060
05.272,-0.070
05.274,-0.075
05.276,-0.075
05.278,-0.070
05.280,-0.070
05.282,-0.075
05.284,-0.085
05.286,-0.099
05.288,-0.110
05.290,-0.110
05.292,-0.110
05.294,-0.100
05.296,-0.090
05.298,-0.085
05.300,-0.080
05.302,-0.080
05.304,-0.085
05.306,-0.085
05.308,-0.085
05.310,-0.085
05.312,-0.075
05.314,-0.075
05.316,-0.080
05.318,-0.090
05.320,-0.104
05.322,-0.115
05.324,-0.120
05.326,-0.111
05.328,-0.110
05.330,-0.105
05.332,-0.110
05.334,-0.115
05.336,-0.120
05.338,-0.134
05.340,-0.135
05.342,-0.130
05.344,-0.116
05.346,-0.087
05.348,-0.061
05.350,-0.036
05.352,-0.016
05.354,0.004
05.356,0.019
05.358,0.030
05.360,0.040
05.362,0.040
05.364,0.031
05.366,0.006
05.368,-0.022
05.370,-0.057
05.372,-0.092
05.374,-0.119
05.376,-0.139
05.378,-0.150
05.380,-0.160
05.382,-0.165
05.384,-0.175
05.386,-0.180
05.388,-0.185
05.390,-0.190
05.392,-0.190
05.394,-0.185
05.396,-0.176
05.398,-0.175
05.400,-0.175
05.402,-0.175
05.404,-0.180
05.406,-0.175
05.408,-0.166
05.410,-0.146
05.412,-0.122
05.414,-0.106
05.416,-0.096
05.418,-0.095
05.420,-0.104
05.422,-0.114
05.424,-0.124
05.426,-0.134
05.428,-0.144
05.430,-0.145
05.432,-0.150
05.434,-0.155
05.436,-0.182
05.438,-0.245
05.440,-0.346
05.442,-0.470
05.444,-0.572
05.446,-0.631
05.448,-0.580
05.450,-0.363
05.452,0.045
05.454,0.571
05.456,1.037
05.458,1.268
05.460,1.180
05.462,0.882
05.464,0.543
05.466,0.291
05.468,0.146
05.470,0.076
05.472,0.037
05.474,0.012
05.476,-0.004
05.478,-0.014
05.480,-0.020
05.482,-0.034
05.484,-0.044
05.486,-0.059
05.488,-0.065
05.490,-0.065
05.492,-0.060
05.494,-0.046
05.496,-0.036
05.498,-0.026
05.500,-0.025
05.502,-0.030
05.504,-0.035
05.506,-0.035
05.508,-0.026
05.510,-0.016
05.512,-0.006
05.514,0.000
05.516,-0.005
05.518,-0.005
05.520,-0.014
05.522,-0.020
05.524,-0.025
05.526,-0.025
05.528,-0.020
05.530,-0.020
05.532,-0.020
05.534,-0.025
05.536,-0.034
05.538,-0.035
05.540,-0.035
05.542,-0.035
05.544,-0.021
05.546,-0.015
05.548,-0.015
05.550,-0.020
05.552,-0.029
05.554,-0.035
05.556,-0.040
05.558,-0.040
05.560,-0.035
05.562,-0.030
05.564,-0.025
05.566,-0.030
05.568,-0.039
05.570,-0.049
05.572,-0.059
05.574,-0.060
05.576,-0.055
05.578,-0.046
05.580,-0.045
05.582,-0.045
05.584,-0.045
05.586,-0.054
05.588,-0.064
05.590,-0.065
05.592,-0.060
05.594,-0.055
05.596,-0.046
05.598,-0.045
05.600,-0.045
05.602,-0.054
05.604,-0.064
05.606,-0.070
05.608,-0.065
05.610,-0.060
05.612,-0.055
05.614,-0.046
05.616,-0.045
05.618,-0.045
05.620,-0.050
05.622,-0.055
05.624,-0.055
05.626,-0.055
05.628,-0.055
05.630,-0.051
05.632,-0.050
05.634,-0.050
05.636,-0.055
05.638,-0.060
05.640,-0.060
05.642,-0.060
05.644,-0.051
05.646,-0.046
05.648,-0.045
05.650,-0.045
05.652,-0.054
05.654,-0.064
05.656,-0.070
05.658,-0.070
05.660,-0.070
05.662,-0.070
05.664,-0.070
05.666,-0.070
05.668,-0.079
05.670,-0.085
05.672,-0.090
05.674,-0.090
05.676,-0.086
05.678,-0.081
05.680,-0.071
05.682,-0.075
05.684,-0.080
05.686,-0.089
05.688,-0.095
05.690,-0.100
05.692,-0.100
05.694,-0.096
05.696,-0.095
05.698,-0.095
05.700,-0.100
05.702,-0.109
05.704,-0.119
05.706,-0.129
05.708,-0.135
05.710,-0.131
05.712,-0.121
05.714,-0.120
05.716,-0.125
05.718,-0.134
05.720,-0.140
05.722,-0.145
05.724,-0.145
05.726,-0.141
05.728,-0.136
05.730,-0.131
05.732,-0.130
05.734,-0.135
05.736,-0.140
05.738,-0.145
05.740,-0.145
05.742,-0.141
05.744,-0.136
05.746,-0.126
05.748,-0.121
05.750,-0.120
05.752,-0.125
05.754,-0.130
05.756,-0.135
05.758,-0.135
05.760,-0.131
05.762,-0.126
05.764,-0.121
05.766,-0.120
05.768,-0.129
05.770,-0.135
05.772,-0.131
05.774,-0.112
05.776,-0.092
05.778,-0.069
05.780,-0.044
05.782,-0.022
05.784,-0.002
05.786,0.012
05.788,0.019
05.790,0.016
05.792,0.006
05.794,-0.004
05.796,-0.017
05.798,-0.041
05.800,-0.070
05.802,-0.105
05.804,-0.131
05.806,-0.147
05.808,-0.159
05.810,-0.160
05.812,-0.160
05.814,-0.156
05.816,-0.159
05.818,-0.160
05.820,-0.160
05.822,-0.160
05.824,-0.160
05.826,-0.151
05.828,-0.141
05.830,-0.136
05.832,-0.135
05.834,-0.135
05.836,-0.139
05.838,-0.140
05.840,-0.140
05.842,-0.136
05.844,-0.126
05.846,-0.116
05.848,-0.111
05.850,-0.110
05.852,-0.114
05.854,-0.119
05.856,-0.120
05.858,-0.120
05.860,-0.120
05.862,-0.132
05.864,-0.177
05.866,-0.272
05.868,-0.398
05.870,-0.532
05.872,-0.617
05.874,-0.588
05.876,-0.380
05.878,0.035
05.880,0.576
05.882,1.078
05.884,1.368
05.886,1.348
05.888,1.078
05.890,0.713
05.892,0.410
05.894,0.215
05.896,0.106
05.898,0.045
05.900,0.001
05.902,-0.034
05.904,-0.056
05.906,-0.064
05.908,-0.065
05.910,-0.056
05.912,-0.046
05.914,-0.041
05.916,-0.040
05.918,-0.044
05.920,-0.045
05.922,-0.045
05.924,-0.045
05.926,-0.036
05.928,-0.026
05.930,-0.021
05.932,-0.016
05.934,-0.015
05.936,-0.019
05.938,-0.020
05.940,-0.020
05.942,-0.020
05.944,-0.007
05.946,-0.001
05.948,0.004
05.950,0.005
05.952,0.001
05.954,-0.004
05.956,-0.005
05.958,-0.005
05.960,0.004
05.962,0.014
05.964,0.019
05.966,0.020
05.968,0.016
05.970,0.006
05.972,0.005
05.974,0.005
05.976,0.009
05.978,0.019
05.980,0.020
05.982,0.020
05.984,0.016
05.986,0.007
05.988,0.001
05.990,-0.004
05.992,-0.001
05.994,0.004
05.996,0.012
05.998,0.015
06.000,0.011
06.002,0.006
06.004,-0.002
06.006,-0.005
06.008,-0.005
06.010,0.002
06.012,0.012
06.014,0.019
06.016,0.020
06.018,0.016
06.020,0.007
06.022,0.001
06.024,0.004
06.026,0.009
06.028,0.017
06.030,0.020
06.032,0.020
06.034,0.020
06.036,0.012
06.038,0.006
06.040,0.005
06.042,0.005
06.044,0.017
06.046,0.024
06.048,0.029
06.050,0.026
06.052,0.017
06.054,0.007
06.056,0.005
06.058,0.005
06.060,0.012
06.062,0.019
06.064,0.024
06.066,0.021
06.068,0.016
06.070,0.007
06.072,0.001
06.074,0.000
06.076,0.004
06.078,0.012
06.080,0.019
06.082,0.020
06.084,0.012
06.086,0.006
06.088,0.001
06.090,0.000
06.092,0.004
06.094,0.012
06.096,0.019
06.098,0.020
06.100,0.020
06.102,0.012
06.104,0.006
06.106,0.001
06.108,0.004
06.110,0.005
06.112,0.012
06.114,0.015
06.116,0.011
06.118,0.002
06.120,-0.007
06.122,-0.014
06.124,-0.019
06.126,-0.016
06.128,-0.011
06.130,-0.010
06.132,-0.014
06.134,-0.019
06.136,-0.027
06.138,-0.034
06.140,-0.035
06.142,-0.035
06.144,-0.027
06.146,-0.021
06.148,-0.020
06.150,-0.020
06.152,-0.027
06.154,-0.034
06.156,-0.035
06.158,-0.031
06.160,-0.022
06.162,-0.012
06.164,-0.006
06.166,-0.005
06.168,-0.012
06.170,-0.019
06.172,-0.020
06.174,-0.009
06.176,0.002
06.178,0.012
06.180,0.022
06.182,0.029
06.184,0.022
06.186,0.016
06.188,0.007
06.190,-0.002
06.192,-0.001
06.194,0.004
06.196,0.012
06.198,0.019
06.200,0.024
06.202,0.032
06.204,0.042
06.206,0.052
06.208,0.066
06.210,0.089
06.212,0.117
06.214,0.147
06.216,0.162
06.218,0.161
06.220,0.141
06.222,0.116
06.224,0.087
06.226,0.061
06.228,0.044
06.230,0.032
06.232,0.019
06.234,0.000
06.236,-0.016
06.238,-0.039
06.240,-0.056
06.242,-0.064
06.244,-0.065
06.246,-0.061
06.248,-0.060
06.250,-0.060
06.252,-0.067
06.254,-0.074
06.256,-0.079
06.258,-0.076
06.260,-0.071
06.262,-0.066
06.264,-0.061
06.266,-0.064
06.268,-0.072
06.270,-0.082
06.272,-0.085
06.274,-0.081
06.276,-0.072
06.278,-0.062
06.280,-0.060
06.282,-0.060
06.284,-0.060
06.286,-0.071
06.288,-0.090
06.290,-0.129
06.292,-0.200
06.294,-0.302
06.296,-0.423
06.298,-0.537
06.300,-0.595
06.302,-0.530
06.304,-0.274
06.306,0.182
06.308,0.732
06.310,1.200
06.312,1.400
06.314,1.288
06.316,0.975
06.318,0.628
06.320,0.361
06.322,0.192
06.324,0.099
06.326,0.042
06.328,0.011
06.330,-0.006
06.332,-0.017
06.334,-0.027
06.336,-0.034
06.338,-0.035
06.340,-0.031
06.342,-0.022
06.344,-0.012
06.346,-0.002
06.348,0.004
06.350,0.001
06.352,-0.004
06.354,-0.009
06.356,-0.017
06.358,-0.020
06.360,-0.020
06.362,-0.016
06.364,-0.011
06.366,-0.017
06.368,-0.024
06.370,-0.032
06.372,-0.039
06.374,-0.040
06.376,-0.036
06.378,-0.027
06.380,-0.021
06.382,-0.020
06.384,-0.027
06.386,-0.037
06.388,-0.044
06.390,-0.045
06.392,-0.045
06.394,-0.041
06.396,-0.036
06.398,-0.035
06.400,-0.035
06.402,-0.042
06.404,-0.049
06.406,-0.054
06.408,-0.055
06.410,-0.051
06.412,-0.046
06.414,-0.045
06.416,-0.045
06.418,-0.056
06.420,-0.064
06.422,-0.069
06.424,-0.070
06.426,-0.070
06.428,-0.062
06.430,-0.060
06.432,-0.060
06.434,-0.064
06.436,-0.069
06.438,-0.081
06.440,-0.085
06.442,-0.081
06.444,-0.072
06.446,-0.070
06.448,-0.070
06.450,-0.070
06.452,-0.077
06.454,-0.084
06.456,-0.085
06.458,-0.085
06.460,-0.074
06.462,-0.070
06.464,-0.070
06.466,-0.070
06.468,-0.077
06.470,-0.084
06.472,-0.092
06.474,-0.095
06.476,-0.095
06.478,-0.091
06.480,-0.086
06.482,-0.089
06.484,-0.094
06.486,-0.102
06.488,-0.109
06.490,-0.110
06.492,-0.110
06.494,-0.102
06.496,-0.096
06.498,-0.099
06.500,-0.104
06.502,-0.109
06.504,-0.117
06.506,-0.120
06.508,-0.112
06.510,-0.106
06.512,-0.097
06.514,-0.095
06.516,-0.099
06.518,-0.107
06.520,-0.114
06.522,-0.119
06.524,-0.120
06.526,-0.112
06.528,-0.106
06.530,-0.101
06.532,-0.100
06.534,-0.107
06.536,-0.114
06.538,-0.119
06.540,-0.120
06.542,-0.120
06.544,-0.116
06.546,-0.111
06.548,-0.114
06.550,-0.119
06.552,-0.130
06.554,-0.145
06.556,-0.154
06.558,-0.155
06.560,-0.151
06.562,-0.146
06.564,-0.141
06.566,-0.147
06.568,-0.157
06.570,-0.167
06.572,-0.174
06.574,-0.175
06.576,-0.171
06.578,-0.164
06.580,-0.160
06.582,-0.160
06.584,-0.164
06.586,-0.172
06.588,-0.175
06.590,-0.175
06.592,-0.171
06.594,-0.164
06.596,-0.154
06.598,-0.150
06.600,-0.150
06.602,-0.157
06.604,-0.160
06.606,-0.164
06.608,-0.161
06.610,-0.156
06.612,-0.151
06.614,-0.144
06.616,-0.144
06.618,-0.149
06.620,-0.157
06.622,-0.156
06.624,-0.141
06.626,-0.117
06.628,-0.092
06.630,-0.067
06.632,-0.046
06.634,-0.026
06.636,-0.010
06.638,0.001
06.640,0.005
06.642,0.005
06.644,-0.001
06.646,-0.022
06.648,-0.050
06.650,-0.080
06.652,-0.110
06.654,-0.140
06.656,-0.157
06.658,-0.167
06.660,-0.170
06.662,-0.166
06.664,-0.161
06.666,-0.164
06.668,-0.172
06.670,-0.179
06.672,-0.184
06.674,-0.179
06.676,-0.171
06.678,-0.164
06.680,-0.154
06.682,-0.150
06.684,-0.156
06.686,-0.160
06.688,-0.160
06.690,-0.160
06.692,-0.154
06.694,-0.146
06.696,-0.139
06.698,-0.135
06.700,-0.135
06.702,-0.139
06.704,-0.144
06.706,-0.145
06.708,-0.141
06.710,-0.136
06.712,-0.145
06.714,-0.184
06.716,-0.260
06.718,-0.380
06.720,-0.512
06.722,-0.605
06.724,-0.603
06.726,-0.433
06.728,-0.072
06.730,0.425
06.732,0.937
06.734,1.300
06.736,1.384
06.738,1.187
06.740,0.838
06.742,0.508
06.744,0.280
06.746,0.146
06.748,0.067
06.750,0.019
06.752,-0.015
06.754,-0.039
06.756,-0.049
06.758,-0.046
06.760,-0.039
06.762,-0.029
06.764,-0.021
06.766,-0.016
06.768,-0.019
06.770,-0.020
06.772,-0.020
06.774,-0.020
06.776,-0.014
06.778,0.000
06.780,0.011
06.782,0.019
06.784,0.020
06.786,0.014
06.788,0.006
06.790,0.005
06.792,0.011
06.794,0.019
06.796,0.026
06.798,0.034
06.800,0.039
06.802,0.036
06.804,0.035
06.806,0.035
06.808,0.039
06.810,0.044
06.812,0.045
06.814,0.045
06.816,0.041
06.818,0.034
06.820,0.026
06.822,0.029
06.824,0.034
06.826,0.041
06.828,0.051
06.830,0.061
06.832,0.065
06.834,0.059
06.836,0.049
06.838,0.039
06.840,0.031
06.842,0.030
06.844,0.030
06.846,0.026
06.848,0.021
06.850,0.016
06.852,0.009
06.854,-0.001
06.856,-0.005
06.858,-0.005
06.860,0.001
06.862,0.009
06.864,0.010
06.866,0.006
06.868,-0.001
06.870,-0.005
06.872,-0.009
06.874,-0.006
06.876,-0.005
06.878,-0.001
06.880,0.000
06.882,-0.004
06.884,-0.011
06.886,-0.019
06.888,-0.026
06.890,-0.034
06.892,-0.031
06.894,-0.024
06.896,-0.020
06.898,-0.020
06.900,-0.020
06.902,-0.024
06.904,-0.029
06.906,-0.034
06.908,-0.035
06.910,-0.035
06.912,-0.035
06.914,-0.035
06.916,-0.039
06.918,-0.044
06.920,-0.051
06.922,-0.059
06.924,-0.060
06.926,-0.054
06.928,-0.047
06.930,-0.042
06.932,-0.044
06.934,-0.051
06.936,-0.061
06.938,-0.071
06.940,-0.075
06.942,-0.072
06.944,-0.061
06.946,-0.049
06.948,-0.042
06.950,-0.044
06.952,-0.049
06.954,-0.056
06.956,-0.064
06.958,-0.065
06.960,-0.062
06.962,-0.060
06.964,-0.060
06.966,-0.066
06.968,-0.079
06.970,-0.091
06.972,-0.099
06.974,-0.104
06.976,-0.102
06.978,-0.097
06.980,-0.095
06.982,-0.101
06.984,-0.111
06.986,-0.121
06.988,-0.131
06.990,-0.135
06.992,-0.135
06.994,-0.129
06.996,-0.122
06.998,-0.120
07.000,-0.124
07.002,-0.131
07.004,-0.139
07.006,-0.144
07.008,-0.139
07.010,-0.132
07.012,-0.124
07.014,-0.120
07.016,-0.120
07.018,-0.124
07.020,-0.129
07.022,-0.134
07.024,-0.129
07.026,-0.122
07.028,-0.114
07.030,-0.110
07.032,-0.112
07.034,-0.117
07.036,-0.126
07.038,-0.132
07.040,-0.135
07.042,-0.132
07.044,-0.121
07.046,-0.102
07.048,-0.080
07.050,-0.064
07.052,-0.051
07.054,-0.039
07.056,-0.022
07.058,-0.002
07.060,0.017
07.062,0.031
07.064,0.032
07.066,0.021
07.068,-0.006
07.070,-0.041
07.072,-0.072
07.074,-0.097
07.076,-0.114
07.078,-0.122
07.080,-0.131
07.082,-0.144
07.084,-0.156
07.086,-0.166
07.088,-0.172
07.090,-0.175
07.092,-0.169
07.094,-0.162
07.096,-0.154
07.098,-0.150
07.100,-0.150
07.102,-0.156
07.104,-0.160
07.106,-0.160
07.108,-0.157
07.110,-0.149
07.112,-0.139
07.114,-0.132
07.116,-0.130
07.118,-0.132
07.120,-0.141
07.122,-0.145
07.124,-0.142
07.126,-0.137
07.128,-0.126
07.130,-0.120
07.132,-0.120
07.134,-0.129
07.136,-0.164
07.138,-0.231
07.140,-0.332
07.142,-0.450
07.144,-0.556
07.146,-0.609
07.148,-0.560
07.150,-0.341
07.152,0.064
07.154,0.581
07.156,1.053
07.158,1.299
07.160,1.246
07.162,0.970
07.164,0.634
07.166,0.365
07.168,0.195
07.170,0.096
07.172,0.039
07.174,0.000
07.176,-0.024
07.178,-0.032
07.180,-0.035
07.182,-0.035
07.184,-0.037
07.186,-0.042
07.188,-0.045
07.190,-0.045
07.192,-0.039
07.194,-0.029
07.196,-0.022
07.198,-0.017
07.200,-0.017
07.202,-0.022
07.204,-0.027
07.206,-0.027
07.208,-0.022
07.210,-0.017
07.212,-0.009
07.214,-0.002
07.216,0.000
07.218,-0.002
07.220,-0.005
07.222,-0.005
07.224,-0.002
07.226,0.009
07.228,0.024
07.230,0.036
07.232,0.042
07.234,0.045
07.236,0.042
07.238,0.037
07.240,0.035
07.242,0.041
07.244,0.051
07.246,0.055
07.248,0.057
07.250,0.057
07.252,0.050
07.254,0.040
07.256,0.032
07.258,0.027
07.260,0.027
07.262,0.030
07.264,0.027
07.266,0.022
07.268,0.017
07.270,0.010
07.272,0.002
07.274,0.000
07.276,0.000
07.278,0.002
07.280,0.005
07.282,0.005
07.284,0.000
07.286,-0.007
07.288,-0.012
07.290,-0.010
07.292,0.000
07.294,0.010
07.296,0.017
07.298,0.020
07.300,0.015
07.302,0.005
07.304,-0.005
07.306,-0.012
07.308,-0.012
07.310,-0.007
07.312,0.000
07.314,0.005
07.316,0.002
07.318,-0.005
07.320,-0.015
07.322,-0.020
07.324,-0.020
07.326,-0.015
07.328,-0.007
07.330,-0.002
07.332,-0.002
07.334,-0.007
07.336,-0.015
07.338,-0.022
07.340,-0.027
07.342,-0.027
07.344,-0.022
07.346,-0.017
07.348,-0.015
07.350,-0.017
07.352,-0.025
07.354,-0.032
07.356,-0.037
07.358,-0.037
07.360,-0.027
07.362,-0.020
07.364,-0.020
07.366,-0.025
07.368,-0.032
07.370,-0.040
07.372,-0.045
07.374,-0.045
07.376,-0.042
07.378,-0.035
07.380,-0.025
07.382,-0.017
07.384,-0.012
07.386,-0.012
07.388,-0.017
07.390,-0.025
07.392,-0.030
07.394,-0.030
07.396,-0.030
07.398,-0.032
07.400,-0.037
07.402,-0.045
07.404,-0.055
07.406,-0.065
07.408,-0.070
07.410,-0.067
07.412,-0.065
07.414,-0.067
07.416,-0.072
07.418,-0.080
07.420,-0.087
07.422,-0.090
07.424,-0.087
07.426,-0.080
07.428,-0.072
07.430,-0.067
07.432,-0.067
07.434,-0.070
07.436,-0.075
07.438,-0.082
07.440,-0.085
07.442,-0.080
07.444,-0.070
07.446,-0.062
07.448,-0.060
07.450,-0.060
07.452,-0.065
07.454,-0.075
07.456,-0.080
07.458,-0.080
07.460,-0.075
07.462,-0.067
07.464,-0.067
07.466,-0.072
07.468,-0.077
07.470,-0.077
07.472,-0.067
07.474,-0.047
07.476,-0.020
07.478,0.010
07.480,0.037
07.482,0.060
07.484,0.075
07.486,0.077
07.488,0.070
07.490,0.060
07.492,0.045
07.494,0.027
07.496,0.012
07.498,-0.007
07.500,-0.032
07.502,-0.055
07.504,-0.072
07.506,-0.082
07.508,-0.085
07.510,-0.082
07.512,-0.077
07.514,-0.075
07.516,-0.080
07.518,-0.085
07.520,-0.090
07.522,-0.095
07.524,-0.095
07.526,-0.092
07.528,-0.087
07.530,-0.085
07.532,-0.085
07.534,-0.087
07.536,-0.092
07.538,-0.097
07.540,-0.097
07.542,-0.092
07.544,-0.085
07.546,-0.077
07.548,-0.075
07.550,-0.077
07.552,-0.082
07.554,-0.085
07.556,-0.087
07.558,-0.090
07.560,-0.097
07.562,-0.132
07.564,-0.210
07.566,-0.327
07.568,-0.460
07.570,-0.560
07.572,-0.571
07.574,-0.431
07.576,-0.117
07.578,0.340
07.580,0.838
07.582,1.212
07.584,1.320
07.586,1.154
07.588,0.837
07.590,0.527
07.592,0.308
07.594,0.184
07.596,0.115
07.598,0.070
07.600,0.035
07.602,0.007
07.604,-0.012
07.606,-0.022
07.608,-0.022
07.610,-0.012
07.612,-0.002
07.614,0.002
07.616,0.002
07.618,-0.002
07.620,-0.007
07.622,-0.010
07.624,-0.007
07.626,-0.002
07.628,0.002
07.630,0.007
07.632,0.010
07.634,0.007
07.636,0.002
07.638,-0.002
07.640,-0.005
07.642,0.000
07.644,0.007
07.646,0.012
07.648,0.015
07.650,0.012
07.652,0.005
07.654,-0.002
07.656,-0.005
07.658,-0.005
07.660,-0.002
07.662,0.002
07.664,0.005
07.666,0.002
07.668,-0.002
07.670,-0.010
07.672,-0.017
07.674,-0.020
07.676,-0.017
07.678,-0.012
07.680,-0.010
07.682,-0.015
07.684,-0.025
07.686,-0.035
07.688,-0.045
07.690,-0.050
07.692,-0.050
07.694,-0.047
07.696,-0.042
07.698,-0.040
07.700,-0.045
07.702,-0.055
07.704,-0.065
07.706,-0.070
07.708,-0.067
07.710,-0.062
07.712,-0.057
07.714,-0.055
07.716,-0.057
07.718,-0.060
07.720,-0.065
07.722,-0.070
07.724,-0.070
07.726,-0.065
07.728,-0.057
07.730,-0.052
07.732,-0.052
07.734,-0.057
07.736,-0.062
07.738,-0.067
07.740,-0.067
07.742,-0.062
07.744,-0.057
07.746,-0.052
07.748,-0.050
07.750,-0.052
07.752,-0.057
07.754,-0.060
07.756,-0.060
07.758,-0.057
07.760,-0.050
07.762,-0.042
07.764,-0.040
07.766,-0.042
07.768,-0.050
07.770,-0.057
07.772,-0.062
07.774,-0.065
07.776,-0.062
07.778,-0.057
07.780,-0.055
07.782,-0.057
07.784,-0.065
07.786,-0.075
07.788,-0.082
07.790,-0.085
07.792,-0.082
07.794,-0.075
07.796,-0.070
07.798,-0.067
07.800,-0.067
07.802,-0.075
07.804,-0.082
07.806,-0.087
07.808,-0.087
07.810,-0.085
07.812,-0.082
07.814,-0.080
07.816,-0.082
07.818,-0.090
07.820,-0.101
07.822,-0.110
07.824,-0.110
07.826,-0.107
07.828,-0.101
07.830,-0.095
07.832,-0.100
07.834,-0.110
07.836,-0.120
07.838,-0.127
07.840,-0.130
07.842,-0.126
07.844,-0.117
07.846,-0.112
07.848,-0.110
07.850,-0.110
07.852,-0.115
07.854,-0.120
07.856,-0.120
07.858,-0.120
07.860,-0.116
07.862,-0.106
07.864,-0.097
07.866,-0.095
07.868,-0.095
07.870,-0.097
07.872,-0.100
07.874,-0.097
07.876,-0.091
07.878,-0.082
07.880,-0.076
07.882,-0.070
07.884,-0.072
07.886,-0.080
07.888,-0.090
07.890,-0.095
07.892,-0.092
07.894,-0.087
07.896,-0.082
07.898,-0.077
07.900,-0.072
07.902,-0.066
07.904,-0.054
07.906,-0.036
07.908,-0.014
07.910,0.015
07.912,0.050
07.914,0.082
07.916,0.102
07.918,0.101
07.920,0.085
07.922,0.060
07.924,0.032
07.926,0.006
07.928,-0.011
07.930,-0.029
07.932,-0.049
07.934,-0.066
07.936,-0.079
07.938,-0.087
07.940,-0.087
07.942,-0.079
07.944,-0.066
07.946,-0.054
07.948,-0.045
07.950,-0.042
07.952,-0.042
07.954,-0.045
07.956,-0.045
07.958,-0.041
07.960,-0.032
07.962,-0.027
07.964,-0.025
07.966,-0.029
07.968,-0.041
07.970,-0.054
07.972,-0.062
07.974,-0.065
07.976,-0.062
07.978,-0.060
07.980,-0.057
07.982,-0.052
07.984,-0.050
07.986,-0.052
07.988,-0.059
07.990,-0.077
07.992,-0.122
07.994,-0.204
07.996,-0.321
07.998,-0.450
08.000,-0.541
08.002,-0.535
08.004,-0.362
08.006,0.022
08.008,0.557
08.010,1.088
08.012,1.434
08.014,1.485
08.016,1.263
08.018,0.901
08.020,0.558
08.022,0.322
08.024,0.186
08.026,0.107
08.028,0.062
08.030,0.035
08.032,0.014
08.034,0.001
08.036,-0.009
08.038,-0.017
08.040,-0.020
08.042,-0.017
08.044,-0.011
08.046,-0.002
08.048,0.002
08.050,0.007
08.052,0.010
08.054,0.010
08.056,0.007
08.058,0.007
08.060,0.012
08.062,0.017
08.064,0.017
08.066,0.011
08.068,0.002
08.070,-0.002
08.072,-0.007
08.074,-0.007
08.076,-0.005
08.078,-0.001
08.080,0.007
08.082,0.012
08.084,0.012
08.086,0.010
08.088,0.010
08.090,0.012
08.092,0.017
08.094,0.022
08.096,0.022
08.098,0.020
08.100,0.016
08.102,0.006
08.104,-0.002
08.106,-0.005
08.108,-0.005
08.110,-0.001
08.112,0.005
08.114,0.005
08.116,0.002
08.118,-0.004
08.120,-0.014
08.122,-0.022
08.124,-0.022
08.126,-0.014
08.128,0.001
08.130,0.014
08.132,0.020
08.134,0.020
08.136,0.016
08.138,0.007
08.140,0.005
08.142,0.005
08.144,0.007
08.146,0.012
08.148,0.015
08.150,0.012
08.152,0.006
08.154,-0.006
08.156,-0.017
08.158,-0.022
08.160,-0.022
08.162,-0.017
08.164,-0.015
08.166,-0.017
08.168,-0.022
08.170,-0.027
08.172,-0.030
08.174,-0.026
08.176,-0.016
08.178,-0.004
08.180,0.007
08.182,0.010
08.184,0.005
08.186,-0.010
08.188,-0.026
08.190,-0.039
08.192,-0.044
08.194,-0.039
08.196,-0.035
08.198,-0.035
08.200,-0.035
08.202,-0.037
08.204,-0.040
08.206,-0.039
08.208,-0.034
08.210,-0.026
08.212,-0.015
08.214,-0.005
08.216,-0.006
08.218,-0.015
08.220,-0.030
08.222,-0.041
08.224,-0.045
08.226,-0.041
08.228,-0.034
08.230,-0.030
08.232,-0.030
08.234,-0.031
08.236,-0.036
08.238,-0.041
08.240,-0.045
08.242,-0.041
08.244,-0.034
08.246,-0.030
08.248,-0.031
08.250,-0.039
08.252,-0.049
08.254,-0.056
08.256,-0.061
08.258,-0.065
08.260,-0.064
08.262,-0.060
08.264,-0.060
08.266,-0.064
08.268,-0.074
08.270,-0.084
08.272,-0.091
08.274,-0.095
08.276,-0.094
08.278,-0.089
08.280,-0.084
08.282,-0.080
08.284,-0.080
08.286,-0.080
08.288,-0.079
08.290,-0.074
08.292,-0.066
08.294,-0.056
08.296,-0.050
08.298,-0.051
08.300,-0.060
08.302,-0.075
08.304,-0.089
08.306,-0.096
08.308,-0.100
08.310,-0.100
08.312,-0.101
08.314,-0.109
08.316,-0.119
08.318,-0.130
08.320,-0.144
08.322,-0.150
08.324,-0.140
08.326,-0.107
08.328,-0.071
08.330,-0.031
08.332,0.005
08.334,0.032
08.336,0.054
08.338,0.074
08.340,0.080
08.342,0.079
08.344,0.070
08.346,0.051
08.348,0.022
08.350,-0.014
08.352,-0.052
08.354,-0.085
08.356,-0.110
08.358,-0.120
08.360,-0.120
08.362,-0.120
08.364,-0.120
08.366,-0.121
08.368,-0.129
08.370,-0.136
08.372,-0.139
08.374,-0.134
08.376,-0.126
08.378,-0.119
08.380,-0.114
08.382,-0.110
08.384,-0.109
08.386,-0.106
08.388,-0.111
08.390,-0.116
08.392,-0.119
08.394,-0.114
08.396,-0.109
08.398,-0.104
08.400,-0.100
08.402,-0.104
08.404,-0.111
08.406,-0.116
08.408,-0.119
08.410,-0.114
08.412,-0.110
08.414,-0.119
08.416,-0.160
08.418,-0.247
08.420,-0.367
08.422,-0.491
08.424,-0.577
08.426,-0.573
08.428,-0.437
08.430,-0.120
08.432,0.352
08.434,0.849
08.436,1.195
08.438,1.268
08.440,1.082
08.442,0.773
08.444,0.488
08.446,0.299
08.448,0.186
08.450,0.120
08.452,0.077
08.454,0.040
08.456,0.015
08.458,0.005
08.460,0.009
08.462,0.019
08.464,0.026
08.466,0.029
08.468,0.024
08.470,0.016
08.472,0.009
08.474,0.006
08.476,0.014
08.478,0.024
08.480,0.031
08.482,0.036
08.484,0.039
08.486,0.034
08.488,0.030
08.490,0.031
08.492,0.036
08.494,0.041
08.496,0.045
08.498,0.045
08.500,0.045
08.502,0.042
08.504,0.034
08.506,0.029
08.508,0.025
08.510,0.026
08.512,0.031
08.514,0.035
08.516,0.034
08.518,0.030
08.520,0.027
08.522,0.020
08.524,0.020
08.526,0.020
08.528,0.020
08.530,0.020
08.532,0.019
08.534,0.012
08.536,0.004
08.538,-0.001
08.540,-0.005
08.542,-0.005
08.544,-0.004
08.546,0.000
08.548,-0.001
08.550,-0.010
08.552,-0.022
08.554,-0.031
08.556,-0.035
08.558,-0.035
08.560,-0.030
08.562,-0.020
08.564,-0.020
08.566,-0.022
08.568,-0.032
08.570,-0.042
08.572,-0.051
08.574,-0.054
08.576,-0.049
08.578,-0.042
08.580,-0.035
08.582,-0.036
08.584,-0.042
08.586,-0.052
08.588,-0.061
08.590,-0.064
08.592,-0.059
08.594,-0.052
08.596,-0.044
08.598,-0.040
08.600,-0.041
08.602,-0.046
08.604,-0.051
08.606,-0.055
08.608,-0.054
08.610,-0.049
08.612,-0.044
08.614,-0.041
08.616,-0.045
08.618,-0.049
08.620,-0.061
08.622,-0.066
08.624,-0.069
08.626,-0.064
08.628,-0.057
08.630,-0.050
08.632,-0.051
08.634,-0.056
08.636,-0.062
08.638,-0.071
08.640,-0.075
08.642,-0.074
08.644,-0.070
08.646,-0.069
08.648,-0.065
08.650,-0.066
08.652,-0.070
08.654,-0.072
08.656,-0.080
08.658,-0.079
08.660,-0.074
08.662,-0.069
08.664,-0.065
08.666,-0.066
08.668,-0.074
08.670,-0.086
08.672,-0.091
08.674,-0.095
08.676,-0.095
08.678,-0.094
08.680,-0.090
08.682,-0.091
08.684,-0.099
08.686,-0.112
08.688,-0.121
08.690,-0.125
08.692,-0.124
08.694,-0.119
08.696,-0.115
08.698,-0.116
08.700,-0.122
08.702,-0.132
08.704,-0.142
08.706,-0.149
08.708,-0.144
08.710,-0.139
08.712,-0.134
08.714,-0.130
08.716,-0.131
08.718,-0.137
08.720,-0.146
08.722,-0.150
08.724,-0.149
08.726,-0.142
08.728,-0.132
08.730,-0.124
08.732,-0.121
08.734,-0.127
08.736,-0.135
08.738,-0.136
08.740,-0.140
08.742,-0.139
08.744,-0.134
08.746,-0.129
08.748,-0.127
08.750,-0.137
08.752,-0.146
08.754,-0.150
08.756,-0.145
08.758,-0.125
08.760,-0.104
08.762,-0.079
08.764,-0.054
08.766,-0.030
08.768,-0.010
08.770,0.006
08.772,0.010
08.774,0.009
08.776,0.001
08.778,-0.016
08.780,-0.041
08.782,-0.066
08.784,-0.092
08.786,-0.120
08.788,-0.140
08.790,-0.156
08.792,-0.160
08.794,-0.159
08.796,-0.155
08.798,-0.155
08.800,-0.156
08.802,-0.162
08.804,-0.170
08.806,-0.169
08.808,-0.164
08.810,-0.157
08.812,-0.147
08.814,-0.140
08.816,-0.140
08.818,-0.142
08.820,-0.150
08.822,-0.149
08.824,-0.144
08.826,-0.139
08.828,-0.132
08.830,-0.124
08.832,-0.120
08.834,-0.122
08.836,-0.131
08.838,-0.135
08.840,-0.135
08.842,-0.135
08.844,-0.141
08.846,-0.176
08.848,-0.254
08.850,-0.373
08.852,-0.510
08.854,-0.608
08.856,-0.605
08.858,-0.432
08.860,-0.070
08.862,0.425
08.864,0.939
08.866,1.309
08.868,1.395
08.870,1.204
08.872,0.861
08.874,0.531
08.876,0.303
08.878,0.164
08.880,0.082
08.882,0.030
08.884,-0.012
08.886,-0.040
08.888,-0.056
08.890,-0.060
08.892,-0.056
08.894,-0.042
08.896,-0.034
08.898,-0.030
08.900,-0.031
08.902,-0.036
08.904,-0.040
08.906,-0.039
08.908,-0.034
08.910,-0.027
08.912,-0.017
08.914,-0.009
08.916,-0.006
08.918,-0.011
08.920,-0.016
08.922,-0.020
08.924,-0.017
08.926,-0.007
08.928,0.001
08.930,0.005
08.932,0.005
08.934,0.002
08.936,-0.005
08.938,-0.006
08.940,-0.009
08.942,-0.002
08.944,0.006
08.946,0.011
08.948,0.014
08.950,0.009
08.952,0.004
08.954,0.000
08.956,0.000
08.958,0.001
08.960,0.007
08.962,0.016
08.964,0.020
08.966,0.017
08.968,0.009
08.970,0.002
08.972,-0.005
08.974,-0.004
08.976,0.001
08.978,0.006
08.980,0.010
08.982,0.009
08.984,0.002
08.986,-0.006
08.988,-0.011
08.990,-0.014
08.992,-0.009
08.994,-0.004
08.996,0.001
08.998,0.004
09.000,-0.001
09.002,-0.006
09.004,-0.011
09.006,-0.014
09.008,-0.009
09.010,-0.002
09.012,0.005
09.014,0.006
09.016,0.009
09.018,0.002
09.020,-0.005
09.022,-0.005
09.024,-0.004
09.026,0.001
09.028,0.006
09.030,0.011
09.032,0.014
09.034,0.009
09.036,0.002
09.038,-0.005
09.040,-0.005
09.042,-0.002
09.044,0.006
09.046,0.010
09.048,0.009
09.050,0.004
09.052,-0.001
09.054,-0.006
09.056,-0.010
09.058,-0.009
09.060,-0.004
09.062,0.001
09.064,0.005
09.066,0.004
09.068,-0.001
09.070,-0.006
09.072,-0.010
09.074,-0.009
09.076,-0.002
09.078,0.005
09.080,0.006
09.082,0.009
09.084,0.004
09.086,-0.001
09.088,-0.005
09.090,-0.005
09.092,-0.004
09.094,0.001
09.096,0.004
09.098,-0.001
09.100,-0.006
09.102,-0.012
09.104,-0.022
09.106,-0.030
09.108,-0.030
09.110,-0.027
09.112,-0.020
09.114,-0.021
09.116,-0.027
09.118,-0.037
09.120,-0.047
09.122,-0.055
09.124,-0.054
09.126,-0.049
09.128,-0.044
09.130,-0.039
09.132,-0.036
09.134,-0.041
09.136,-0.047
09.138,-0.055
09.140,-0.054
09.142,-0.049
09.144,-0.044
09.146,-0.034
09.148,-0.029
09.150,-0.026
09.152,-0.031
09.154,-0.035
09.156,-0.035
09.158,-0.032
09.160,-0.019
09.162,-0.014
09.164,-0.005
09.166,-0.005
09.168,-0.006
09.170,-0.016
09.172,-0.026
09.174,-0.029
09.176,-0.024
09.178,-0.019
09.180,-0.015
09.182,-0.014
09.184,-0.009
09.186,-0.002
09.188,0.012
09.190,0.029
09.192,0.050
09.194,0.076
09.196,0.110
09.198,0.132
09.200,0.144
09.202,0.132
09.204,0.116
09.206,0.090
09.208,0.061
09.210,0.036
09.212,0.017
09.214,0.002
09.216,-0.014
09.218,-0.037
09.220,-0.052
09.222,-0.066
09.224,-0.069
09.226,-0.064
09.228,-0.057
09.230,-0.045
09.232,-0.045
09.234,-0.046
09.236,-0.056
09.238,-0.060
09.240,-0.059
09.242,-0.054
09.244,-0.044
09.246,-0.034
09.248,-0.030
09.250,-0.031
09.252,-0.036
09.254,-0.040
09.256,-0.039
09.258,-0.034
09.260,-0.029
09.262,-0.019
09.264,-0.014
09.266,-0.011
09.268,-0.016
09.270,-0.026
09.272,-0.039
09.274,-0.069
09.276,-0.129
09.278,-0.224
09.280,-0.345
09.282,-0.461
09.284,-0.511
09.286,-0.426
09.288,-0.141
09.290,0.351
09.292,0.929
09.294,1.404
09.296,1.604
09.298,1.496
09.300,1.170
09.302,0.791
09.304,0.488
09.306,0.297
09.308,0.190
09.310,0.129
09.312,0.091
09.314,0.067
09.316,0.049
09.318,0.044
09.320,0.034
09.322,0.030
09.324,0.030
09.326,0.032
09.328,0.046
09.330,0.051
09.332,0.054
09.334,0.049
09.336,0.044
09.338,0.035
09.340,0.036
09.342,0.041
09.344,0.051
09.346,0.056
09.348,0.064
09.350,0.059
09.352,0.054
09.354,0.045
09.356,0.046
09.358,0.051
09.360,0.056
09.362,0.066
09.364,0.070
09.366,0.069
09.368,0.064
09.370,0.055
09.372,0.055
09.374,0.056
09.376,0.061
09.378,0.071
09.380,0.075
09.382,0.075
09.384,0.069
09.386,0.059
09.388,0.054
09.390,0.051
09.392,0.057
09.394,0.071
09.396,0.075
09.398,0.074
09.400,0.062
09.402,0.049
09.404,0.039
09.406,0.030
09.408,0.030
09.410,0.031
09.412,0.035
09.414,0.035
09.416,0.029
09.418,0.024
09.420,0.014
09.422,0.004
09.424,0.001
09.426,0.005
09.428,0.006
09.430,0.015
09.432,0.014
09.434,0.004
09.436,-0.006
09.438,-0.016
09.440,-0.020
09.442,-0.020
09.444,-0.014
09.446,-0.005
09.448,-0.005
09.450,-0.011
09.452,-0.021
09.454,-0.026
09.456,-0.035
09.458,-0.035
09.460,-0.029
09.462,-0.020
09.464,-0.015
09.466,-0.010
09.468,-0.011
09.470,-0.020
09.472,-0.025
09.474,-0.029
09.476,-0.020
09.478,-0.020
09.480,-0.015
09.482,-0.021
09.484,-0.037
09.486,-0.056
09.488,-0.071
09.490,-0.081
09.492,-0.085
09.494,-0.079
09.496,-0.070
09.498,-0.070
09.500,-0.065
09.502,-0.071
09.504,-0.081
09.506,-0.085
09.508,-0.084
09.510,-0.070
09.512,-0.065
09.514,-0.060
09.516,-0.061
09.518,-0.071
09.520,-0.080
09.522,-0.085
09.524,-0.090
09.526,-0.090
09.528,-0.090
09.530,-0.095
09.532,-0.101
09.534,-0.111
09.536,-0.120
09.538,-0.121
09.540,-0.125
09.542,-0.120
09.544,-0.120
09.546,-0.120
09.548,-0.120
09.550,-0.126
09.552,-0.135
09.554,-0.136
09.556,-0.140
09.558,-0.135
09.560,-0.135
09.562,-0.130
09.564,-0.126
09.566,-0.135
09.568,-0.141
09.570,-0.150
09.572,-0.150
09.574,-0.144
09.576,-0.134
09.578,-0.125
09.580,-0.125
09.582,-0.126
09.584,-0.135
09.586,-0.140
09.588,-0.145
09.590,-0.144
09.592,-0.135
09.594,-0.130
09.596,-0.125
09.598,-0.120
09.600,-0.120
09.602,-0.126
09.604,-0.135
09.606,-0.134
09.608,-0.117
09.610,-0.092
09.612,-0.062
09.614,-0.034
09.616,-0.014
09.618,0.007
09.620,0.031
09.622,0.051
09.624,0.071
09.626,0.080
09.628,0.079
09.630,0.057
09.632,0.021
09.634,-0.019
09.636,-0.057
09.638,-0.087
09.640,-0.111
09.642,-0.131
09.644,-0.141
09.646,-0.150
09.648,-0.155
09.650,-0.161
09.652,-0.175
09.654,-0.180
09.656,-0.180
09.658,-0.175
09.660,-0.169
09.662,-0.160
09.664,-0.155
09.666,-0.155
09.668,-0.160
09.670,-0.165
09.672,-0.165
09.674,-0.159
09.676,-0.149
09.678,-0.134
09.680,-0.119
09.682,-0.110
09.684,-0.110
09.686,-0.110
09.688,-0.110
09.690,-0.110
09.692,-0.110
09.694,-0.110
09.696,-0.112
09.698,-0.140
09.700,-0.207
09.702,-0.315
09.704,-0.443
09.706,-0.555
09.708,-0.607
09.710,-0.561
09.712,-0.352
09.714,0.041
09.716,0.548
09.718,1.013
09.720,1.250
09.722,1.174
09.724,0.871
09.726,0.527
09.728,0.270
09.730,0.131
09.732,0.067
09.734,0.029
09.736,0.002
09.738,-0.026
09.740,-0.045
09.742,-0.050
09.744,-0.044
09.746,-0.030
09.748,-0.020
09.750,-0.020
09.752,-0.020
09.754,-0.020
09.756,-0.025
09.758,-0.020
09.760,-0.015
09.762,-0.005
09.764,-0.005
09.766,0.000
09.768,0.000
09.770,-0.005
09.772,-0.005
09.774,-0.005
09.776,0.000
09.778,0.005
09.780,0.015
09.782,0.020
09.784,0.015
09.786,0.010
09.788,0.005
09.790,0.004
09.792,-0.022
09.794,-0.069
09.796,-0.129
09.798,-0.186
09.800,-0.210
09.802,-0.197
09.804,-0.132
09.806,0.005
09.808,0.202
09.810,0.426
09.812,0.632
09.814,0.762
09.816,0.797
09.818,0.739
09.820,0.622
09.822,0.472
09.824,0.302
09.826,0.132
09.828,-0.026
09.830,-0.155
09.832,-0.254
09.834,-0.317
09.836,-0.351
09.838,-0.358
09.840,-0.338
09.842,-0.302
09.844,-0.254
09.846,-0.209
09.848,-0.169
09.850,-0.134
09.852,-0.109
09.854,-0.084
09.856,-0.059
09.858,-0.029
09.860,0.006
09.862,0.036
09.864,0.061
09.866,0.081
09.868,0.101
09.870,0.121
09.872,0.141
09.874,0.166
09.876,0.196
09.878,0.231
09.880,0.256
09.882,0.276
09.884,0.295
09.886,0.300
09.888,0.311
09.890,0.326
09.892,0.341
09.894,0.351
09.896,0.366
09.898,0.375
09.900,0.370
09.902,0.365
09.904,0.350
09.906,0.345
09.908,0.350
09.910,0.350
09.912,0.360
09.914,0.355
09.916,0.345
09.918,0.330
09.920,0.310
09.922,0.300
09.924,0.300
09.926,0.300
09.928,0.300
09.930,0.305
09.932,0.310
09.934,0.310
09.936,0.300
09.938,0.295
09.940,0.295
09.942,0.300
09.944,0.305
09.946,0.315
09.948,0.325
09.950,0.325
09.952,0.325
09.954,0.320
09.956,0.320
09.958,0.320
09.960,0.325
09.962,0.330
09.964,0.330
09.966,0.325
09.968,0.315
09.970,0.300
09.972,0.295
09.974,0.290
09.976,0.290
09.978,0.300
09.980,0.300
09.982,0.300
09.984,0.295
09.986,0.285
09.988,0.275
09.990,0.275
09.992,0.275
09.994,0.280
09.996,0.285
09.998,0.285
